ID,JHI_DATE,CONVERSIONVALUE,SUELDOMIN
,2010-06-23,9.92,1223.89
,2010-06-25,8.05,1223.89
,2010-06-26,8.05,1223.89
,2010-06-27,7.91,1223.89
,2010-06-28,7.91,1223.89
,2010-06-29,7.92,1223.89
,2010-06-30,7.97,1223.89
,2010-07-01,7.97,1223.89
,2010-07-02,7.98,1223.89
,2010-07-04,7.85,1223.89
,2010-07-06,7.84,1223.89
,2010-07-07,8.27,1223.89
,2010-07-08,8.22,1223.89
,2010-07-09,8.17,1223.89
,2010-07-11,8.17,1223.89
,2010-07-12,8.16,1223.89
,2010-07-13,8.13,1223.89
,2010-07-14,8.15,1223.89
,2010-07-15,8.14,1223.89
,2010-07-16,8.17,1223.89
,2010-07-17,8.17,1223.89
,2010-07-18,8.17,1223.89
,2010-07-19,8.14,1223.89
,2010-07-20,8.14,1223.89
,2010-07-21,8.12,1223.89
,2010-07-22,8.21,1223.89
,2010-07-23,8.23,1223.89
,2010-07-24,8.22,1223.89
,2010-07-25,8.49,1223.89
,2010-07-26,8.45,1223.89
,2010-07-27,8.42,1223.89
,2010-07-28,8.39,1223.89
,2010-07-29,8.37,1223.89
,2010-07-30,8.38,1223.89
,2010-07-31,8.38,1223.89
,2010-08-01,8.38,1223.89
,2010-08-02,8.33,1223.89
,2010-08-03,8.34,1223.89
,2010-08-04,8.34,1223.89
,2010-08-05,8.27,1223.89
,2010-08-06,8.27,1223.89
,2010-08-07,8.27,1223.89
,2010-08-08,8.27,1223.89
,2010-08-09,8.27,1223.89
,2010-08-10,8.23,1223.89
,2010-08-11,8.21,1223.89
,2010-08-12,8.24,1223.89
,2010-08-13,8.34,1223.89
,2010-08-14,8.34,1223.89
,2010-08-15,8.26,1223.89
,2010-08-16,8.26,1223.89
,2010-08-17,8.23,1223.89
,2010-08-18,8.21,1223.89
,2010-08-19,7.9,1223.89
,2010-08-20,7.9,1223.89
,2010-08-22,7.91,1223.89
,2010-08-23,7.86,1223.89
,2010-08-24,8.27,1223.89
,2010-08-25,8.27,1223.89
,2010-08-26,8.27,1223.89
,2010-08-29,8.27,1223.89
,2010-08-31,8.31,1223.89
,2010-09-02,8.23,1223.89
,2010-09-03,8.23,1223.89
,2010-09-05,8.22,1223.89
,2010-09-06,8.22,1223.89
,2010-09-07,8.22,1223.89
,2010-09-08,8.2,1223.89
,2010-09-09,8.19,1223.89
,2010-09-10,8.19,1223.89
,2010-09-12,8.19,1223.89
,2010-09-13,8.15,1223.89
,2010-09-14,8.13,1223.89
,2010-09-15,8.21,1223.89
,2010-09-16,8.23,1223.89
,2010-09-19,8.21,1223.89
,2010-09-20,8.18,1223.89
,2010-09-21,8.17,1223.89
,2010-09-22,8.2,1223.89
,2010-09-23,8.2,1223.89
,2010-09-26,8.22,1223.89
,2010-09-27,8.19,1223.89
,2010-09-28,8.2,1223.89
,2010-09-29,8.18,1223.89
,2010-09-30,8.18,1223.89
,2010-10-01,8.18,1223.89
,2010-10-03,8.17,1223.89
,2010-10-04,8.19,1223.89
,2010-10-05,8.19,1223.89
,2010-10-06,8.16,1223.89
,2010-10-07,8.16,1223.89
,2010-10-10,8.12,1223.89
,2010-10-11,8.12,1223.89
,2010-10-12,8.12,1223.89
,2010-10-13,8.15,1223.89
,2010-10-17,7.87,1223.89
,2010-10-18,7.53,1223.89
,2010-10-19,7.57,1223.89
,2010-10-20,7.55,1223.89
,2010-10-21,7.56,1223.89
,2010-10-24,7.92,1223.89
,2010-10-25,7.96,1223.89
,2010-10-26,7.99,1223.89
,2010-10-27,8.02,1223.89
,2010-10-28,7.99,1223.89
,2010-10-31,7.99,1223.89
,2010-11-01,7.99,1223.89
,2010-11-03,7.89,1223.89
,2010-11-04,7.81,1223.89
,2010-11-07,7.84,1223.89
,2010-11-08,7.82,1223.89
,2010-11-09,7.88,1223.89
,2010-11-11,7.81,1223.89
,2010-11-14,8.04,1223.89
,2010-11-15,8.05,1223.89
,2010-11-16,8.05,1223.89
,2010-11-17,8.04,1223.89
,2010-11-18,8.07,1223.89
,2010-11-21,8.18,1223.89
,2010-11-22,8.49,1223.89
,2010-11-23,8.5,1223.89
,2010-11-24,8.43,1223.89
,2010-11-25,8.48,1223.89
,2010-11-28,8.56,1223.89
,2010-11-29,8.52,1223.89
,2010-11-30,8.63,1223.89
,2010-12-01,8.59,1223.89
,2010-12-02,8.56,1223.89
,2010-12-05,8.46,1223.89
,2010-12-06,8.4,1223.89
,2010-12-07,8.41,1223.89
,2010-12-08,8.37,1223.89
,2010-12-09,8.48,1223.89
,2010-12-12,8.36,1223.89
,2010-12-13,8.46,1223.89
,2010-12-14,8.49,1223.89
,2010-12-15,8.45,1223.89
,2010-12-16,8.48,1223.89
,2010-12-19,8.53,1223.89
,2010-12-20,8.75,1223.89
,2010-12-21,8.78,1223.89
,2010-12-22,8.81,1223.89
,2010-12-23,8.72,1223.89
,2010-12-26,8.84,1223.89
,2010-12-27,8.93,1223.89
,2010-12-28,8.93,1223.89
,2010-12-29,8.93,1223.89
,2010-12-30,9.35,1223.89
,2011-01-02,9.09,1223.89
,2011-01-03,9.08,1223.89
,2011-01-04,8.92,1223.89
,2011-01-05,9.01,1223.89
,2011-01-06,8.99,1223.89
,2011-01-09,8.79,1223.89
,2011-01-10,8.67,1223.89
,2011-01-11,8.76,1223.89
,2011-01-12,8.74,1223.89
,2011-01-13,8.65,1223.89
,2011-01-16,8.66,1223.89
,2011-01-17,8.65,1223.89
,2011-01-18,8.64,1223.89
,2011-01-19,8.53,1223.89
,2011-01-20,8.55,1223.89
,2011-01-23,8.51,1223.89
,2011-01-24,8.54,1223.89
,2011-01-25,8.59,1223.89
,2011-01-26,8.64,1223.89
,2011-01-27,8.59,1223.89
,2011-01-28,8.63,1223.89
,2011-01-30,8.65,1223.89
,2011-01-31,8.64,1223.89
,2011-02-01,8.62,1223.89
,2011-02-02,8.63,1223.89
,2011-02-03,8.63,1223.89
,2011-02-06,8.65,1223.89
,2011-02-09,8.86,1223.89
,2011-02-10,8.86,1223.89
,2011-02-13,8.79,1223.89
,2011-02-14,8.81,1223.89
,2011-02-15,8.88,1223.89
,2011-02-16,8.88,1223.89
,2011-02-17,8.76,1223.89
,2011-02-20,8.73,1223.89
,2011-02-21,8.74,1223.89
,2011-02-22,8.8,1223.89
,2011-02-23,8.82,1223.89
,2011-02-24,8.79,1223.89
,2011-02-27,8.82,1223.89
,2011-02-28,8.85,1223.89
,2011-03-01,8.89,1223.89
,2011-03-02,8.88,1223.89
,2011-03-03,8.79,1223.89
,2011-03-06,8.77,1223.89
,2011-03-07,8.78,1223.89
,2011-03-08,8.73,1223.89
,2011-03-09,8.69,1223.89
,2011-03-10,8.67,1223.89
,2011-03-12,8.65,1223.89
,2011-03-13,8.66,1223.89
,2011-03-14,8.7,1223.89
,2011-03-15,8.7,1223.89
,2011-03-16,8.75,1223.89
,2011-03-17,8.9,1223.89
,2011-03-18,8.67,1223.89
,2011-03-19,8.7,1223.89
,2011-03-20,8.68,1223.89
,2011-03-21,8.6,1223.89
,2011-03-22,8.6,1223.89
,2011-03-23,8.58,1223.89
,2011-03-24,8.4,1223.89
,2011-03-25,8.4,1223.89
,2011-03-26,8.4,1223.89
,2011-03-28,8.43,1223.89
,2011-03-29,8.46,1223.89
,2011-03-30,8.41,1223.89
,2011-03-31,8.39,1223.89
,2011-04-01,8.31,1223.89
,2011-04-02,8.31,1223.89
,2011-04-03,8.4,1223.89
,2011-04-04,8.28,1223.89
,2011-04-05,8.26,1223.89
,2011-04-06,8.26,1223.89
,2011-04-07,8.21,1223.89
,2011-04-08,8.24,1223.89
,2011-04-10,8.2,1223.89
,2011-04-11,8.2,1223.89
,2011-04-12,8.23,1223.89
,2011-04-13,8.27,1223.89
,2011-04-14,8.2,1223.89
,2011-04-15,8.2,1223.89
,2011-04-16,8.2,1223.89
,2011-04-17,8.13,1223.89
,2011-04-18,8.17,1223.89
,2011-04-19,8.13,1223.89
,2011-04-20,8.11,1223.89
,2011-04-21,8.1,1223.89
,2011-04-22,8.07,1223.89
,2011-04-24,8.02,1223.89
,2011-04-25,8.06,1223.89
,2011-04-26,8.07,1223.89
,2011-04-27,8.02,1223.89
,2011-04-28,7.99,1223.89
,2011-04-29,8.03,1223.89
,2011-05-01,8.02,1407.47
,2011-05-02,8.41,1407.47
,2011-05-03,8.37,1407.47
,2011-05-04,8.37,1407.47
,2011-05-05,8.37,1407.47
,2011-05-06,8.46,1407.47
,2011-05-07,8.46,1407.47
,2011-05-08,8.51,1407.47
,2011-05-09,8.55,1407.47
,2011-05-10,8.51,1407.47
,2011-05-11,8.81,1407.47
,2011-05-12,8.48,1407.47
,2011-05-13,8.5,1407.47
,2011-05-14,8.49,1407.47
,2011-05-15,8.49,1407.47
,2011-05-16,8.53,1407.47
,2011-05-17,8.54,1407.47
,2011-05-18,8.59,1407.47
,2011-05-19,8.54,1407.47
,2011-05-20,8.52,1407.47
,2011-05-21,8.52,1407.47
,2011-05-23,8.86,1407.47
,2011-05-24,8.56,1407.47
,2011-05-25,8.56,1407.47
,2011-05-26,8.54,1407.47
,2011-05-27,8.53,1407.47
,2011-05-28,8.53,1407.47
,2011-05-29,8.51,1407.47
,2011-05-30,8.45,1407.47
,2011-06-01,8.43,1407.47
,2011-06-02,8.33,1407.47
,2011-06-03,8.34,1407.47
,2011-06-04,8.34,1407.47
,2011-06-05,8.33,1407.47
,2011-06-06,8.33,1407.47
,2011-06-07,8.25,1407.47
,2011-06-08,8.34,1407.47
,2011-06-09,8.28,1407.47
,2011-06-10,8.3,1407.47
,2011-06-11,8.3,1407.47
,2011-06-12,8.3,1407.47
,2011-06-13,8.31,1407.47
,2011-06-14,8.31,1407.47
,2011-06-15,8.27,1407.47
,2011-06-16,8.38,1407.47
,2011-06-17,8.35,1407.47
,2011-06-18,8.35,1407.47
,2011-06-19,8.37,1407.47
,2011-06-20,8.35,1407.47
,2011-06-21,8.16,1407.47
,2011-06-22,8.32,1407.47
,2011-06-23,8.32,1407.47
,2011-06-24,8.36,1407.47
,2011-06-25,8.36,1407.47
,2011-06-26,8.36,1407.47
,2011-06-27,8.33,1407.47
,2011-06-28,8.34,1407.47
,2011-06-29,8.31,1407.47
,2011-06-30,8.24,1407.47
,2011-07-01,8.2,1407.47
,2011-07-02,8.2,1407.47
,2011-07-03,8.2,1407.47
,2011-07-04,8.19,1407.47
,2011-07-05,8.19,1407.47
,2011-07-06,8.21,1407.47
,2011-07-07,8.18,1407.47
,2011-07-08,8.18,1407.47
,2011-07-09,8.18,1407.47
,2011-07-10,8.19,1407.47
,2011-07-11,8.25,1407.47
,2011-07-12,8.24,1407.47
,2011-07-13,8.24,1407.47
,2011-07-14,8.27,1407.47
,2011-07-15,8.27,1407.47
,2011-07-16,8.27,1407.47
,2011-07-17,8.25,1407.47
,2011-07-18,8.29,1407.47
,2011-07-19,8.28,1407.47
,2011-07-20,8.3,1407.47
,2011-07-21,8.34,1407.47
,2011-07-22,8.34,1407.47
,2011-07-23,8.34,1407.47
,2011-07-24,8.36,1407.47
,2011-07-25,8.41,1407.47
,2011-07-26,8.38,1407.47
,2011-07-27,8.37,1407.47
,2011-07-28,8.34,1407.47
,2011-07-29,8.37,1407.47
,2011-07-30,8.34,1407.47
,2011-07-31,8.27,1407.47
,2011-08-01,8.38,1407.47
,2011-08-02,8.31,1407.47
,2011-08-03,8.37,1407.47
,2011-08-04,8.5,1407.47
,2011-08-05,8.5,1407.47
,2011-08-06,8.5,1407.47
,2011-08-07,8.43,1407.47
,2011-08-08,8.53,1407.47
,2011-08-09,8.63,1407.47
,2011-08-10,8.71,1407.47
,2011-08-11,8.68,1407.47
,2011-08-12,8.66,1407.47
,2011-08-13,8.66,1407.47
,2011-08-14,8.68,1407.47
,2011-08-15,8.68,1407.47
,2011-08-16,8.82,1407.47
,2011-08-17,8.79,1407.47
,2011-08-18,8.81,1407.47
,2011-08-19,8.81,1407.47
,2011-08-20,8.81,1407.47
,2011-08-21,8.7,1407.47
,2011-08-22,8.76,1407.47
,2011-08-23,8.59,1407.47
,2011-08-24,8.66,1407.47
,2011-08-25,8.63,1407.47
,2011-08-26,8.67,1407.47
,2011-08-27,8.67,1407.47
,2011-08-28,8.61,1407.47
,2011-08-29,8.63,1407.47
,2011-08-31,8.63,1407.47
,2011-09-01,8.59,1548.22
,2011-09-02,8.6,1548.22
,2011-09-03,8.6,1548.22
,2011-09-04,8.59,1548.22
,2011-09-05,8.57,1548.22
,2011-09-06,8.65,1548.22
,2011-09-07,8.61,1548.22
,2011-09-08,8.6,1548.22
,2011-09-09,8.64,1548.22
,2011-09-10,8.64,1548.22
,2011-09-11,8.63,1548.22
,2011-09-12,8.68,1548.22
,2011-09-13,8.76,1548.22
,2011-09-14,8.82,1548.22
,2011-09-15,8.82,1548.22
,2011-09-16,8.76,1548.22
,2011-09-17,8.76,1548.22
,2011-09-18,8.75,1548.22
,2011-09-19,8.75,1548.22
,2011-09-20,8.89,1548.22
,2011-09-21,9.08,1548.22
,2011-09-23,8.96,1548.22
,2011-09-24,8.96,1548.22
,2011-09-25,8.96,1548.22
,2011-09-26,8.94,1548.22
,2011-09-27,8.86,1548.22
,2011-09-28,8.93,1548.22
,2011-09-29,8.96,1548.22
,2011-09-30,8.92,1548.22
,2011-10-01,8.92,1548.22
,2011-10-02,8.92,1548.22
,2011-10-03,9.03,1548.22
,2011-10-04,8.94,1548.22
,2011-10-05,9.09,1548.22
,2011-10-06,9.06,1548.22
,2011-10-07,8.95,1548.22
,2011-10-08,8.95,1548.22
,2011-10-09,9.01,1548.22
,2011-10-10,9.03,1548.22
,2011-10-11,9.01,1548.22
,2011-10-12,9.03,1548.22
,2011-10-13,8.66,1548.22
,2011-10-14,8.65,1548.22
,2011-10-15,8.65,1548.22
,2011-10-16,8.61,1548.22
,2011-10-17,8.76,1548.22
,2011-10-18,8.72,1548.22
,2011-10-19,8.75,1548.22
,2011-10-20,8.71,1548.22
,2011-10-21,8.71,1548.22
,2011-10-22,8.71,1548.22
,2011-10-23,8.73,1548.22
,2011-10-24,8.64,1548.22
,2011-10-25,8.62,1548.22
,2011-10-26,8.58,1548.22
,2011-10-27,8.58,1548.22
,2011-10-28,8.58,1548.22
,2011-10-29,8.58,1548.22
,2011-10-30,8.61,1548.22
,2011-10-31,8.61,1548.22
,2011-11-01,8.71,1548.22
,2011-11-02,8.71,1548.22
,2011-11-03,8.76,1548.22
,2011-11-05,8.76,1548.22
,2011-11-06,8.86,1548.22
,2011-11-07,8.85,1548.22
,2011-11-08,8.88,1548.22
,2011-11-09,8.88,1548.22
,2011-11-10,8.91,1548.22
,2011-11-11,8.88,1548.22
,2011-11-12,8.9,1548.22
,2011-11-13,8.9,1548.22
,2011-11-14,8.91,1548.22
,2011-11-15,8.87,1548.22
,2011-11-16,8.95,1548.22
,2011-11-17,9,1548.22
,2011-11-18,9,1548.22
,2011-11-19,9,1548.22
,2011-11-20,9.04,1548.22
,2011-11-21,9.06,1548.22
,2011-11-22,9.09,1548.22
,2011-11-23,9.15,1548.22
,2011-11-25,9.28,1548.22
,2011-11-26,9.28,1548.22
,2011-11-27,9.24,1548.22
,2011-11-28,9.27,1548.22
,2011-11-29,9.28,1548.22
,2011-11-30,9.28,1548.22
,2011-12-01,9.28,1548.22
,2011-12-03,9.24,1548.22
,2011-12-04,9.22,1548.22
,2011-12-05,9.17,1548.22
,2011-12-06,9.12,1548.22
,2011-12-07,9.09,1548.22
,2011-12-08,9.09,1548.22
,2011-12-09,9.09,1548.22
,2011-12-10,9.09,1548.22
,2011-12-11,9.08,1548.22
,2011-12-12,9.04,1548.22
,2011-12-13,9.02,1548.22
,2011-12-14,9.06,1548.22
,2011-12-15,9.02,1548.22
,2011-12-16,9.06,1548.22
,2011-12-17,9.06,1548.22
,2011-12-18,9.06,1548.22
,2011-12-19,9.25,1548.22
,2011-12-20,9.27,1548.22
,2011-12-21,9.27,1548.22
,2011-12-22,9.41,1548.22
,2011-12-23,9.38,1548.22
,2011-12-24,9.38,1548.22
,2011-12-25,9.43,1548.22
,2011-12-26,9.42,1548.22
,2011-12-27,9.42,1548.22
,2011-12-28,9.5,1548.22
,2011-12-29,9.45,1548.22
,2011-12-30,9.45,1548.22
,2011-12-31,9.46,1548.22
,2012-01-01,9.46,1548.22
,2012-01-02,9.46,1548.22
,2012-01-03,9.29,1548.22
,2012-01-04,9.17,1548.22
,2012-01-05,9.21,1548.22
,2012-01-06,9.18,1548.22
,2012-01-07,9.18,1548.22
,2012-01-08,9.19,1548.22
,2012-01-09,9.15,1548.22
,2012-01-10,9.15,1548.22
,2012-01-11,9.11,1548.22
,2012-01-12,8.99,1548.22
,2012-01-13,8.98,1548.22
,2012-01-14,8.99,1548.22
,2012-01-15,8.98,1548.22
,2012-01-16,8.96,1548.22
,2012-01-17,8.97,1548.22
,2012-01-18,8.81,1548.22
,2012-01-19,8.82,1548.22
,2012-01-20,8.82,1548.22
,2012-01-21,8.82,1548.22
,2012-01-22,8.82,1548.22
,2012-01-23,8.67,1548.22
,2012-01-24,8.72,1548.22
,2012-01-25,8.71,1548.22
,2012-01-26,8.71,1548.22
,2012-01-27,8.69,1548.22
,2012-01-28,8.69,1548.22
,2012-01-29,8.68,1548.22
,2012-01-30,8.77,1548.22
,2012-01-31,8.77,1548.22
,2012-02-01,8.68,1548.22
,2012-02-02,8.68,1548.22
,2012-02-03,8.68,1548.22
,2012-02-04,8.68,1548.22
,2012-02-05,8.65,1548.22
,2012-02-06,8.65,1548.22
,2012-02-07,8.61,1548.22
,2012-02-08,8.59,1548.22
,2012-02-09,8.58,1548.22
,2012-02-10,8.63,1548.22
,2012-02-11,8.63,1548.22
,2012-02-12,8.63,1548.22
,2012-02-13,9.02,1548.22
,2012-02-14,9.02,1548.22
,2012-02-15,8.92,1548.22
,2012-02-16,8.81,1548.22
,2012-02-17,8.81,1548.22
,2012-02-18,8.81,1548.22
,2012-02-19,8.94,1548.22
,2012-02-20,8.97,1548.22
,2012-02-21,8.92,1548.22
,2012-02-22,9.01,1548.22
,2012-02-23,8.97,1548.22
,2012-02-24,8.97,1548.22
,2012-02-26,8.98,1548.22
,2012-02-27,8.96,1548.22
,2012-02-28,8.95,1548.22
,2012-02-29,8.91,1548.22
,2012-03-01,8.94,1548.22
,2012-03-02,8.94,1548.22
,2012-03-03,8.94,1548.22
,2012-03-04,8.96,1548.22
,2012-03-05,9.34,1548.22
,2012-03-06,9.36,1548.22
,2012-03-07,9.58,1548.22
,2012-03-08,9.58,1548.22
,2012-03-10,9.58,1548.22
,2012-03-11,9.58,1548.22
,2012-03-12,9.56,1548.22
,2012-03-14,9.47,1548.22
,2012-03-15,9.63,1548.22
,2012-03-16,9.63,1548.22
,2012-03-17,9.63,1548.22
,2012-03-18,9.51,1548.22
,2012-03-19,9.52,1548.22
,2012-03-20,9.35,1548.22
,2012-03-21,9.34,1548.22
,2012-03-22,9.34,1548.22
,2012-03-23,9.34,1548.22
,2012-03-24,9.34,1548.22
,2012-03-25,9.32,1548.22
,2012-03-26,9.31,1548.22
,2012-03-27,9.32,1548.22
,2012-03-28,9.38,1548.22
,2012-03-29,9.38,1548.22
,2012-03-30,9.38,1548.22
,2012-03-31,9.38,1548.22
,2012-04-01,9.38,1548.22
,2012-04-02,9.38,1548.22
,2012-04-03,9.36,1548.22
,2012-04-04,9.36,1548.22
,2012-04-05,9.4,1548.22
,2012-04-06,9.4,1548.22
,2012-04-07,9.4,1548.22
,2012-04-08,9.4,1548.22
,2012-04-09,9.39,1548.22
,2012-04-10,9.4,1548.22
,2012-04-11,9.4,1548.22
,2012-04-12,9.35,1548.22
,2012-04-13,9.35,1548.22
,2012-04-14,9.39,1548.22
,2012-04-15,9.35,1548.22
,2012-04-16,9.35,1548.22
,2012-04-18,9.37,1548.22
,2012-04-19,9.39,1548.22
,2012-04-20,9.36,1548.22
,2012-04-21,9.36,1548.22
,2012-04-22,9.31,1548.22
,2012-04-23,9.35,1548.22
,2012-04-24,9.31,1548.22
,2012-04-25,9.31,1548.22
,2012-04-26,9.27,1548.22
,2012-04-29,9.25,1548.22
,2012-04-30,9.28,1548.22
,2012-05-01,9.28,1780.45
,2012-05-02,9.24,1780.45
,2012-05-03,9.23,1780.45
,2012-05-04,9.23,1780.45
,2012-05-05,9.23,1780.45
,2012-05-06,9.2,1780.45
,2012-05-07,9.24,1780.45
,2012-05-08,9.3,1780.45
,2012-05-09,9.32,1780.45
,2012-05-10,9.29,1780.45
,2012-05-11,9.29,1780.45
,2012-05-12,9.29,1780.45
,2012-05-13,9.29,1780.45
,2012-05-14,9.32,1780.45
,2012-05-15,9.29,1780.45
,2012-05-16,9.43,1780.45
,2012-05-17,9.47,1780.45
,2012-05-18,9.47,1780.45
,2012-05-19,9.47,1780.45
,2012-05-20,9.53,1780.45
,2012-05-21,9.63,1780.45
,2012-05-22,9.61,1780.45
,2012-05-23,9.61,1780.45
,2012-05-24,9.69,1780.45
,2012-05-25,9.69,1780.45
,2012-05-26,9.69,1780.45
,2012-05-27,9.7,1780.45
,2012-05-28,9.7,1780.45
,2012-05-29,9.52,1780.45
,2012-05-30,9.61,1780.45
,2012-05-31,9.56,1780.45
,2012-06-01,9.64,1780.45
,2012-06-02,9.64,1780.45
,2012-06-03,9.62,1780.45
,2012-06-04,9.56,1780.45
,2012-06-05,9.43,1780.45
,2012-06-06,9.41,1780.45
,2012-06-07,9.39,1780.45
,2012-06-08,9.34,1780.45
,2012-06-09,9.34,1780.45
,2012-06-10,9.34,1780.45
,2012-06-11,9.34,1780.45
,2012-06-12,9.34,1780.45
,2012-06-13,9.39,1780.45
,2012-06-14,9.4,1780.45
,2012-06-15,9.39,1780.45
,2012-06-16,9.39,1780.45
,2012-06-17,9.39,1780.45
,2012-06-18,9.39,1780.45
,2012-06-19,9.33,1780.45
,2012-06-20,9.34,1780.45
,2012-06-21,9.34,1780.45
,2012-06-22,9.42,1780.45
,2012-06-23,9.42,1780.45
,2012-06-24,9.42,1780.45
,2012-06-25,9.45,1780.45
,2012-06-26,9.51,1780.45
,2012-06-27,9.45,1780.45
,2012-06-28,9.51,1780.45
,2012-06-29,9.37,1780.45
,2012-06-30,9.37,1780.45
,2012-07-01,9.37,1780.45
,2012-07-02,9.37,1780.45
,2012-07-03,9.36,1780.45
,2012-07-05,9.33,1780.45
,2012-07-06,9.33,1780.45
,2012-07-07,9.33,1780.45
,2012-07-08,9.4,1780.45
,2012-07-09,9.4,1780.45
,2012-07-10,9.4,1780.45
,2012-07-11,9.42,1780.45
,2012-07-12,9.4,1780.45
,2012-07-13,9.36,1780.45
,2012-07-14,9.36,1780.45
,2012-07-15,9.37,1780.45
,2012-07-16,9.36,1780.45
,2012-07-17,9.03,1780.45
,2012-07-18,9.35,1780.45
,2012-07-19,9.34,1780.45
,2012-07-20,9.34,1780.45
,2012-07-21,9.34,1780.45
,2012-07-22,9.35,1780.45
,2012-07-23,9.42,1780.45
,2012-07-24,9.45,1780.45
,2012-07-29,9.42,1780.45
,2012-07-30,9.43,1780.45
,2012-07-31,9.42,1780.45
,2012-08-01,9.4,1780.45
,2012-08-02,9.43,1780.45
,2012-08-03,9.43,1780.45
,2012-08-04,9.43,1780.45
,2012-08-05,9.43,1780.45
,2012-08-06,9.4,1780.45
,2012-08-07,9.4,1780.45
,2012-08-08,9.46,1780.45
,2012-08-09,9.45,1780.45
,2012-08-10,9.45,1780.45
,2012-08-11,9.45,1780.45
,2012-08-12,9.43,1780.45
,2012-08-13,9.48,1780.45
,2012-08-14,9.48,1780.45
,2012-08-15,9.66,1780.45
,2012-08-16,9.66,1780.45
,2012-08-17,9.63,1780.45
,2012-08-18,9.63,1780.45
,2012-08-19,9.68,1780.45
,2012-08-20,10.7,1780.45
,2012-08-21,10.7,1780.45
,2012-08-22,10.68,1780.45
,2012-08-23,10.64,1780.45
,2012-08-24,10.64,1780.45
,2012-08-25,10.64,1780.45
,2012-08-26,10.64,1780.45
,2012-08-27,10.68,1780.45
,2012-08-28,11.58,1780.45
,2012-08-29,11.58,1780.45
,2012-08-30,11.54,1780.45
,2012-08-31,11.54,1780.45
,2012-09-01,11.54,2047.52
,2012-09-02,11.58,2047.52
,2012-09-03,11.4,2047.52
,2012-09-04,11.4,2047.52
,2012-09-05,11.4,2047.52
,2012-09-06,11.29,2047.52
,2012-09-07,11.21,2047.52
,2012-09-08,11.21,2047.52
,2012-09-09,11.25,2047.52
,2012-09-10,11.25,2047.52
,2012-09-11,11.25,2047.52
,2012-09-12,11.26,2047.52
,2012-09-13,11.26,2047.52
,2012-09-14,11.62,2047.52
,2012-09-15,11.62,2047.52
,2012-09-16,11.62,2047.52
,2012-09-17,11.6,2047.52
,2012-09-18,12.77,2047.52
,2012-09-19,12.77,2047.52
,2012-09-20,12.55,2047.52
,2012-09-21,12.37,2047.52
,2012-09-22,12.37,2047.52
,2012-09-23,12.41,2047.52
,2012-09-24,12.41,2047.52
,2012-09-26,11.98,2047.52
,2012-09-27,12,2047.52
,2012-09-28,12,2047.52
,2012-09-29,12,2047.52
,2012-09-30,12.08,2047.52
,2012-10-01,12.08,2047.52
,2012-10-03,12.08,2047.52
,2012-10-04,12.1,2047.52
,2012-10-05,12.14,2047.52
,2012-10-07,12.14,2047.52
,2012-10-08,12.14,2047.52
,2012-10-09,12.14,2047.52
,2012-10-10,12.16,2047.52
,2012-10-11,12.16,2047.52
,2012-10-12,12.15,2047.52
,2012-10-13,12.15,2047.52
,2012-10-14,11.99,2047.52
,2012-10-15,11.99,2047.52
,2012-10-16,11.98,2047.52
,2012-10-17,12.85,2047.52
,2012-10-18,12.65,2047.52
,2012-10-19,12.65,2047.52
,2012-10-20,12.65,2047.52
,2012-10-21,12.67,2047.52
,2012-10-22,13.33,2047.52
,2012-10-23,13.43,2047.52
,2012-10-24,14.52,2047.52
,2012-10-25,14.56,2047.52
,2012-10-26,14.56,2047.52
,2012-10-27,14.56,2047.52
,2012-10-28,14.63,2047.52
,2012-10-29,14.08,2047.52
,2012-10-30,14.08,2047.52
,2012-10-31,14.07,2047.52
,2012-11-01,14.6,2047.52
,2012-11-02,14.6,2047.52
,2012-11-03,14.6,2047.52
,2012-11-04,14.04,2047.52
,2012-11-05,14.06,2047.52
,2012-11-06,13.97,2047.52
,2012-11-07,15.13,2047.52
,2012-11-08,15.13,2047.52
,2012-11-09,14.89,2047.52
,2012-11-10,14.89,2047.52
,2012-11-11,14.89,2047.52
,2012-11-12,14.93,2047.52
,2012-11-13,14.93,2047.52
,2012-11-14,14.91,2047.52
,2012-11-15,15.07,2047.52
,2012-11-16,15.07,2047.52
,2012-11-17,15.07,2047.52
,2012-11-18,15.07,2047.52
,2012-11-19,15.52,2047.52
,2012-11-20,15.53,2047.52
,2012-11-21,15.52,2047.52
,2012-11-22,17.47,2047.52
,2012-11-23,16.56,2047.52
,2012-11-24,16.56,2047.52
,2012-11-25,16.54,2047.52
,2012-11-26,16.59,2047.52
,2012-11-27,16.56,2047.52
,2012-11-28,16.56,2047.52
,2012-11-29,16.5,2047.52
,2012-11-30,16.5,2047.52
,2012-12-01,16.5,2047.52
,2012-12-02,16.5,2047.52
,2012-12-03,17.11,2047.52
,2012-12-04,17.11,2047.52
,2012-12-05,17.25,2047.52
,2012-12-06,17.53,2047.52
,2012-12-07,16.48,2047.52
,2012-12-08,16.48,2047.52
,2012-12-09,17.47,2047.52
,2012-12-10,17.48,2047.52
,2012-12-11,17.29,2047.52
,2012-12-12,17.26,2047.52
,2012-12-13,17.26,2047.52
,2012-12-14,17.26,2047.52
,2012-12-15,17.26,2047.52
,2012-12-16,17.26,2047.52
,2012-12-17,17.26,2047.52
,2012-12-18,17.25,2047.52
,2012-12-19,17.21,2047.52
,2012-12-20,17.19,2047.52
,2012-12-21,17.19,2047.52
,2012-12-22,17.19,2047.52
,2012-12-24,17.19,2047.52
,2012-12-25,17.08,2047.52
,2012-12-26,17.37,2047.52
,2012-12-27,17.39,2047.52
,2012-12-28,17.43,2047.52
,2012-12-29,17.43,2047.52
,2012-12-30,17.43,2047.52
,2012-12-31,17.43,2047.52
,2013-01-01,17.32,2047.52
,2013-01-02,17.27,2047.52
,2013-01-03,17.61,2047.52
,2013-01-04,17.72,2047.52
,2013-01-05,17.72,2047.52
,2013-01-06,17.72,2047.52
,2013-01-08,17.7,2047.52
,2013-01-09,17.49,2047.52
,2013-01-10,17.46,2047.52
,2013-01-11,17.45,2047.52
,2013-01-12,17.45,2047.52
,2013-01-13,17.46,2047.52
,2013-01-14,17.42,2047.52
,2013-01-15,17.42,2047.52
,2013-01-16,17.56,2047.52
,2013-01-17,17.51,2047.52
,2013-01-18,17.52,2047.52
,2013-01-19,17.52,2047.52
,2013-01-20,17.52,2047.52
,2013-01-21,17.52,2047.52
,2013-01-22,17.59,2047.52
,2013-01-23,17.59,2047.52
,2013-01-24,18.73,2047.52
,2013-01-25,18.73,2047.52
,2013-01-26,18.73,2047.52
,2013-01-27,18.73,2047.52
,2013-01-28,18.73,2047.52
,2013-01-29,18.69,2047.52
,2013-01-30,18.69,2047.52
,2013-01-31,18.69,2047.52
,2013-02-01,18.71,2047.52
,2013-02-02,18.71,2047.52
,2013-02-03,18.71,2047.52
,2013-02-04,18.83,2047.52
,2013-02-05,18.84,2047.52
,2013-02-06,20.19,2047.52
,2013-02-07,20.1,2047.52
,2013-02-08,26.62,2047.52
,2013-02-09,26.62,2047.52
,2013-02-10,20.58,2047.52
,2013-02-11,22.31,2047.52
,2013-02-12,22.03,2047.52
,2013-02-14,21.75,2047.52
,2013-02-16,21.79,2047.52
,2013-02-18,21.33,2047.52
,2013-02-19,21.52,2047.52
,2013-02-20,21.34,2047.52
,2013-02-21,21.66,2047.52
,2013-02-22,21.74,2047.52
,2013-02-23,21.74,2047.52
,2013-02-24,21.84,2047.52
,2013-04-21,24.18,2047.52
,2013-04-22,23.94,2047.52
,2013-04-23,23.62,2047.52
,2013-04-24,23.57,2047.52
,2013-04-25,24.74,2047.52
,2013-04-26,25.48,2047.52
,2013-04-27,25.48,2047.52
,2013-04-28,25.48,2047.52
,2013-04-29,25.42,2047.52
,2013-04-30,25.35,2047.52
,2013-05-01,25.4,2457.02
,2013-05-02,25.17,2457.02
,2013-05-03,25.15,2457.02
,2013-05-04,25.15,2457.02
,2013-05-05,25.17,2457.02
,2013-05-06,25.1,2457.02
,2013-05-07,26.11,2457.02
,2013-05-08,26.18,2457.02
,2013-05-09,26.21,2457.02
,2013-05-10,26.15,2457.02
,2013-05-11,26.15,2457.02
,2013-05-12,26.15,2457.02
,2013-05-13,26.6,2457.02
,2013-05-14,26.26,2457.02
,2013-05-15,26.36,2457.02
,2013-05-16,26.28,2457.02
,2013-05-17,26.67,2457.02
,2013-05-18,26.67,2457.02
,2013-05-19,26.66,2457.02
,2013-05-20,26.73,2457.02
,2013-05-21,26.78,2457.02
,2013-05-22,26.85,2457.02
,2013-05-23,27.04,2457.02
,2013-05-24,27.24,2457.02
,2013-05-25,27.24,2457.02
,2013-05-26,27.25,2457.02
,2013-05-27,27.31,2457.02
,2013-05-28,27.54,2457.02
,2013-05-29,28.37,2457.02
,2013-05-30,28.25,2457.02
,2013-05-31,28.43,2457.02
,2013-06-01,28.43,2457.02
,2013-06-02,28.47,2457.02
,2013-06-03,28.37,2457.02
,2013-06-04,28.32,2457.02
,2013-06-05,28.4,2457.02
,2013-06-06,29.84,2457.02
,2013-06-07,31.12,2457.02
,2013-06-08,31.12,2457.02
,2013-06-09,31.22,2457.02
,2013-06-10,31.16,2457.02
,2013-06-11,31.25,2457.02
,2013-06-12,31.16,2457.02
,2013-06-13,31.02,2457.02
,2013-06-14,30.89,2457.02
,2013-06-15,30.89,2457.02
,2013-06-16,30.89,2457.02
,2013-06-17,30.94,2457.02
,2013-06-18,31.25,2457.02
,2013-06-19,31.16,2457.02
,2013-06-20,31.71,2457.02
,2013-06-21,31.93,2457.02
,2013-06-22,31.93,2457.02
,2013-06-23,31.93,2457.02
,2013-06-24,31.81,2457.02
,2013-06-25,31.61,2457.02
,2013-06-26,31.48,2457.02
,2013-06-27,31.52,2457.02
,2013-06-28,31.47,2457.02
,2013-06-29,31.65,2457.02
,2013-06-30,31.65,2457.02
,2013-07-01,31.5,2457.02
,2013-07-02,31.45,2457.02
,2013-07-03,31.48,2457.02
,2013-07-04,31.39,2457.02
,2013-07-05,31.61,2457.02
,2013-07-06,31.61,2457.02
,2013-07-07,31.6,2457.02
,2013-07-08,31.6,2457.02
,2013-07-09,32.62,2457.02
,2013-07-10,32.58,2457.02
,2013-07-11,32.36,2457.02
,2013-07-12,32.26,2457.02
,2013-07-13,32.26,2457.02
,2013-07-14,32.25,2457.02
,2013-07-15,32.16,2457.02
,2013-07-16,31.84,2457.02
,2013-07-17,31.24,2457.02
,2013-07-18,30.41,2457.02
,2013-07-19,31.91,2457.02
,2013-07-20,31.91,2457.02
,2013-07-21,31.91,2457.02
,2013-07-22,31.36,2457.02
,2013-07-23,31.5,2457.02
,2013-07-24,31.54,2457.02
,2013-07-25,31.46,2457.02
,2013-07-26,31.46,2457.02
,2013-07-27,31.46,2457.02
,2013-07-28,31.46,2457.02
,2013-07-29,31.5,2457.02
,2013-07-30,31.48,2457.02
,2013-07-31,31.62,2457.02
,2013-08-01,31.68,2457.02
,2013-08-02,31.49,2457.02
,2013-08-03,31.49,2457.02
,2013-08-04,31.51,2457.02
,2013-08-05,31.49,2457.02
,2013-08-06,31.34,2457.02
,2013-08-07,31.35,2457.02
,2013-08-08,31.29,2457.02
,2013-08-09,33.46,2457.02
,2013-08-10,33.46,2457.02
,2013-08-11,33.53,2457.02
,2013-08-12,34.62,2457.02
,2013-08-13,34.84,2457.02
,2013-08-14,36.2,2457.02
,2013-08-15,36.53,2457.02
,2013-08-16,36.75,2457.02
,2013-08-17,36.75,2457.02
,2013-08-18,36.7,2457.02
,2013-08-19,36.8,2457.02
,2013-08-20,36.31,2457.02
,2013-08-21,36.33,2457.02
,2013-08-22,36.24,2457.02
,2013-08-23,36.05,2457.02
,2013-08-24,36.05,2457.02
,2013-08-25,36.05,2457.02
,2013-08-26,36.37,2457.02
,2013-08-27,37.32,2457.02
,2013-08-28,37.32,2457.02
,2013-08-29,37.41,2457.02
,2013-08-30,37.36,2457.02
,2013-08-31,37.36,2457.02
,2013-09-01,37.36,2702.73
,2013-09-02,37.24,2702.73
,2013-09-03,37.49,2702.73
,2013-09-04,38.83,2702.73
,2013-09-05,38.95,2702.73
,2013-09-06,40.62,2702.73
,2013-09-07,40.62,2702.73
,2013-09-08,40.64,2702.73
,2013-09-09,39.74,2702.73
,2013-09-10,39.5,2702.73
,2013-09-11,41.77,2702.73
,2013-09-12,41.73,2702.73
,2013-09-13,44.55,2702.73
,2013-09-14,44.55,2702.73
,2013-09-15,44.55,2702.73
,2013-09-16,44.66,2702.73
,2013-09-17,44.59,2702.73
,2013-09-18,44.36,2702.73
,2013-09-19,43.94,2702.73
,2013-09-20,43.97,2702.73
,2013-09-21,43.97,2702.73
,2013-09-22,44.13,2702.73
,2013-09-23,40.22,2702.73
,2013-09-24,41.1,2702.73
,2013-09-25,41.18,2702.73
,2013-09-26,41.36,2702.73
,2013-09-27,41.67,2702.73
,2013-09-28,42.59,2702.73
,2013-09-29,42.59,2702.73
,2013-09-30,42.47,2702.73
,2013-10-01,42.12,2702.73
,2013-10-02,41.92,2702.73
,2013-10-03,42,2702.73
,2013-10-04,41.92,2702.73
,2013-10-05,41.92,2702.73
,2013-10-06,44.94,2702.73
,2013-10-07,46.02,2702.73
,2013-10-08,44.8,2702.73
,2013-10-09,45.07,2702.73
,2013-10-10,44.93,2702.73
,2013-10-11,44.92,2702.73
,2013-10-12,44.92,2702.73
,2013-10-13,46.01,2702.73
,2013-10-14,47.05,2702.73
,2013-10-15,47.07,2702.73
,2013-10-16,47.02,2702.73
,2013-10-17,47.02,2702.73
,2013-10-18,47.95,2702.73
,2013-10-19,47.95,2702.73
,2013-10-20,47.88,2702.73
,2013-10-21,48.08,2702.73
,2013-10-22,47.92,2702.73
,2013-10-23,49.26,2702.73
,2013-10-24,53.51,2702.73
,2013-10-25,53.43,2702.73
,2013-10-26,53.43,2702.73
,2013-10-27,53.43,2702.73
,2013-10-28,54.44,2702.73
,2013-10-29,54.42,2702.73
,2013-10-30,56.49,2702.73
,2013-10-31,56.71,2702.73
,2013-11-01,59.42,2973
,2013-11-02,59.42,2973
,2013-11-03,59.42,2973
,2013-11-04,58.24,2973
,2013-11-05,58.71,2973
,2013-11-06,58.59,2973
,2013-11-07,59.52,2973
,2013-11-08,59.61,2973
,2013-11-09,60.88,2973
,2013-11-10,61.03,2973
,2013-11-11,60,2973
,2013-11-12,62.16,2973
,2013-11-13,63.97,2973
,2013-11-14,64.06,2973
,2013-11-15,61,2973
,2013-11-16,61,2973
,2013-11-17,61,2973
,2013-11-18,59.21,2973
,2013-11-19,54.97,2973
,2013-11-20,56.77,2973
,2013-11-21,60.18,2973
,2013-11-22,62.09,2973
,2013-11-23,62.09,2973
,2013-11-24,62.09,2973
,2013-11-25,60.12,2973
,2013-11-26,62.03,2973
,2013-11-27,62.03,2973
,2013-11-28,62.03,2973
,2013-11-29,62.19,2973
,2013-11-30,62.19,2973
,2013-12-01,62.25,2973
,2013-12-02,62.25,2973
,2013-12-03,64.61,2973
,2013-12-04,64.74,2973
,2013-12-05,64.42,2973
,2013-12-06,64.19,2973
,2013-12-07,64.19,2973
,2013-12-08,64.26,2973
,2013-12-09,64.23,2973
,2013-12-10,64.26,2973
,2013-12-11,64.26,2973
,2013-12-12,64.26,2973
,2013-12-13,64.13,2973
,2013-12-14,64.13,2973
,2013-12-15,64.1,2973
,2013-12-16,64.26,2973
,2013-12-17,64.52,2973
,2013-12-18,64.55,2973
,2013-12-20,64.23,2973
,2013-12-21,64.23,2973
,2013-12-22,64.26,2973
,2013-12-23,63.94,2973
,2013-12-24,63.9,2973
,2013-12-25,63.97,2973
,2013-12-26,63.84,2973
,2013-12-27,64,2973
,2013-12-28,64,2973
,2013-12-29,64.13,2973
,2013-12-30,64.13,2973
,2013-12-31,64.1,2973
,2014-01-01,64.13,3270.3
,2014-01-02,64.52,3270.3
,2014-01-03,64.42,3270.3
,2014-01-04,64.42,3270.3
,2014-01-05,64.42,3270.3
,2014-01-06,64.39,3270.3
,2014-01-07,64.1,3270.3
,2014-01-08,64.23,3270.3
,2014-01-09,66.4,3270.3
,2014-01-10,66.1,3270.3
,2014-01-11,66.1,3270.3
,2014-01-12,66.1,3270.3
,2014-01-13,68.45,3270.3
,2014-01-14,68.76,3270.3
,2014-01-15,74.11,3270.3
,2014-01-16,74.41,3270.3
,2014-01-17,74.93,3270.3
,2014-01-18,72.25,3270.3
,2014-01-19,72.25,3270.3
,2014-01-20,72.29,3270.3
,2014-01-21,73.07,3270.3
,2014-01-22,78.73,3270.3
,2014-01-23,76.48,3270.3
,2014-01-24,76.19,3270.3
,2014-01-25,76.19,3270.3
,2014-01-26,76.22,3270.3
,2014-01-27,76.59,3270.3
,2014-01-28,79.31,3270.3
,2014-01-29,79.54,3270.3
,2014-01-30,79.69,3270.3
,2014-01-31,79.88,3270.3
,2014-02-01,79.88,3270.3
,2014-02-02,80,3270.3
,2014-02-03,81.27,3270.3
,2014-02-04,80.69,3270.3
,2014-02-05,81.19,3270.3
,2014-02-06,81.08,3270.3
,2014-02-07,81.15,3270.3
,2014-02-08,81.15,3270.3
,2014-02-09,81.15,3270.3
,2014-02-10,81.23,3270.3
,2014-02-11,84.04,3270.3
,2014-02-12,87.08,3270.3
,2014-02-13,87.12,3270.3
,2014-02-14,86.88,3270.3
,2014-02-15,86.88,3270.3
,2014-02-16,87,3270.3
,2014-02-17,86.25,3270.3
,2014-02-18,87.12,3270.3
,2014-02-19,87.92,3270.3
,2014-02-20,87.75,3270.3
,2014-02-21,87.71,3270.3
,2014-02-22,87.71,3270.3
,2014-02-23,87.62,3270.3
,2014-02-24,87.67,3270.3
,2014-02-25,87.75,3270.3
,2014-02-26,88.21,3270.3
,2014-02-28,86,3270.3
,2014-03-01,84.28,3270.3
,2014-03-02,84.32,3270.3
,2014-03-03,81.31,3270.3
,2014-03-04,81.15,3270.3
,2014-03-05,80.81,3270.3
,2014-03-06,80.46,3270.3
,2014-03-07,80.54,3270.3
,2014-03-08,80.54,3270.3
,2014-03-09,80.31,3270.3
,2014-03-10,80.88,3270.3
,2014-03-11,78.04,3270.3
,2014-03-12,78.11,3270.3
,2014-03-13,75.36,3270.3
,2014-03-14,75.18,3270.3
,2014-03-15,75.18,3270.3
,2014-03-16,72.69,3270.3
,2014-03-17,73.54,3270.3
,2014-03-18,69.73,3270.3
,2014-03-19,66.84,3270.3
,2014-03-20,64.19,3270.3
,2014-03-21,57.06,3270.3
,2014-03-22,57.86,3270.3
,2014-03-23,57.86,3270.3
,2014-03-24,58.63,3270.3
,2014-03-25,72.82,3270.3
,2014-03-26,77.88,3270.3
,2014-03-27,67.47,3270.3
,2014-03-28,65.29,3270.3
,2014-03-29,67.47,3270.3
,2014-03-30,67.5,3270.3
,2014-03-31,70.03,3270.3
,2014-04-01,69.69,3270.3
,2014-04-02,66.36,3270.3
,2014-04-03,66.36,3270.3
,2014-04-04,67,3270.3
,2014-04-05,67.63,3270.3
,2014-04-06,67.67,3270.3
,2014-04-07,67.1,3270.3
,2014-04-08,66.87,3270.3
,2014-04-09,66.87,3270.3
,2014-04-10,66.47,3270.3
,2014-04-11,66.53,3270.3
,2014-04-12,66.53,3270.3
,2014-04-13,66.53,3270.3
,2014-04-14,66.8,3270.3
,2014-04-15,67.1,3270.3
,2014-04-16,64.71,3270.3
,2014-04-17,64.77,3270.3
,2014-04-18,64.74,3270.3
,2014-04-19,64.74,3270.3
,2014-04-20,64.74,3270.3
,2014-04-21,66.57,3270.3
,2014-04-22,66.97,3270.3
,2014-04-23,67.07,3270.3
,2014-04-24,67.2,3270.3
,2014-04-25,67.43,3270.3
,2014-04-26,67.43,3270.3
,2014-04-27,67.43,3270.3
,2014-04-28,68.37,3270.3
,2014-04-29,69.41,3270.3
,2014-04-30,69.48,3270.3
,2014-05-01,69.24,4251.4
,2014-05-02,69.14,4251.4
,2014-05-03,69.14,4251.4
,2014-05-04,69.48,4251.4
,2014-05-05,68.93,4251.4
,2014-05-06,68.86,4251.4
,2014-05-07,68.66,4251.4
,2014-05-08,68.17,4251.4
,2014-05-09,73.3,4251.4
,2014-05-10,73.3,4251.4
,2014-05-11,73.3,4251.4
,2014-05-12,73.74,4251.4
,2014-05-13,71.46,4251.4
,2014-05-14,74.07,4251.4
,2014-05-15,74.3,4251.4
,2014-05-16,75.58,4251.4
,2014-05-17,75.58,4251.4
,2014-05-18,75.58,4251.4
,2014-05-19,72.69,4251.4
,2014-05-20,72.69,4251.4
,2014-05-21,71.14,4251.4
,2014-05-22,69.51,4251.4
,2014-05-23,70.93,4251.4
,2014-05-24,70.93,4251.4
,2014-05-25,70.96,4251.4
,2014-05-26,70.93,4251.4
,2014-05-27,71.18,4251.4
,2014-05-28,70.93,4251.4
,2014-05-29,70.79,4251.4
,2014-05-30,70.46,4251.4
,2014-05-31,70.46,4251.4
,2014-06-01,70.5,4251.4
,2014-06-02,70.57,4251.4
,2014-06-03,70.5,4251.4
,2014-06-04,70.54,4251.4
,2014-06-05,70.29,4251.4
,2014-06-06,70,4251.4
,2014-06-07,70,4251.4
,2014-06-08,70.04,4251.4
,2014-06-09,70,4251.4
,2014-06-10,69.96,4251.4
,2014-06-11,71.24,4251.4
,2014-06-12,72.33,4251.4
,2014-06-13,72.41,4251.4
,2014-06-14,72.41,4251.4
,2014-06-15,72.44,4251.4
,2014-06-16,72.67,4251.4
,2014-06-17,71.93,4251.4
,2014-06-18,72.89,4251.4
,2014-06-19,72.56,4251.4
,2014-06-20,72.52,4251.4
,2014-06-21,72.52,4251.4
,2014-06-22,72.56,4251.4
,2014-06-23,72.48,4251.4
,2014-06-24,72.78,4251.4
,2014-06-25,72.67,4251.4
,2014-06-26,72.52,4251.4
,2014-06-27,72.41,4251.4
,2014-06-28,72.41,4251.4
,2014-06-29,72.44,4251.4
,2014-06-30,72.37,4251.4
,2014-07-01,68.18,4251.4
,2014-07-02,70.29,4251.4
,2014-07-03,70,4251.4
,2014-07-04,69.96,4251.4
,2014-07-05,69.96,4251.4
,2014-07-06,69.6,4251.4
,2014-07-07,71.37,4251.4
,2014-07-08,71.41,4251.4
,2014-07-09,72.98,4251.4
,2014-07-10,74.42,4251.4
,2014-07-11,77.41,4251.4
,2014-07-12,77.41,4251.4
,2014-07-13,77.49,4251.4
,2014-07-14,77.73,4251.4
,2014-07-15,79.56,4251.4
,2014-07-16,79.6,4251.4
,2014-07-17,82.83,4251.4
,2014-07-18,80.41,4251.4
,2014-07-19,80.2,4251.4
,2014-07-20,80.2,4251.4
,2014-07-21,79.76,4251.4
,2014-07-22,74.65,4251.4
,2014-07-23,74.62,4251.4
,2014-07-24,76,4251.4
,2014-07-25,76.08,4251.4
,2014-07-26,76.08,4251.4
,2014-07-27,76.08,4251.4
,2014-07-28,76.2,4251.4
,2014-07-29,76.27,4251.4
,2014-07-30,77.1,4251.4
,2014-07-31,77.33,4251.4
,2014-08-01,78.68,4251.4
,2014-08-02,78.68,4251.4
,2014-08-03,78.68,4251.4
,2014-08-04,78.88,4251.4
,2014-08-05,79.44,4251.4
,2014-08-06,79.28,4251.4
,2014-08-07,80.9,4251.4
,2014-08-08,81.06,4251.4
,2014-08-09,81.06,4251.4
,2014-08-10,81.06,4251.4
,2014-08-11,80.61,4251.4
,2014-08-12,80.45,4251.4
,2014-08-13,82.38,4251.4
,2014-08-14,83.87,4251.4
,2014-08-15,82.46,4251.4
,2014-08-16,82.46,4251.4
,2014-08-17,82.46,4251.4
,2014-08-18,82.46,4251.4
,2014-08-19,82.83,4251.4
,2014-08-20,83.67,4251.4
,2014-08-21,83.96,4251.4
,2014-08-22,84.17,4251.4
,2014-08-23,84.17,4251.4
,2014-08-24,84.17,4251.4
,2014-08-25,86.34,4251.4
,2014-08-26,86.17,4251.4
,2014-08-27,87.96,4251.4
,2014-08-28,90.59,4251.4
,2014-08-29,89.82,4251.4
,2014-08-30,87.82,4251.4
,2014-08-31,87.82,4251.4
,2014-09-01,87.82,4251.4
,2014-09-02,88.4,4251.4
,2014-09-03,88.09,4251.4
,2014-09-04,88.4,4251.4
,2014-09-05,90.59,4251.4
,2014-09-06,91.77,4251.4
,2014-09-07,91.77,4251.4
,2014-09-08,92.09,4251.4
,2014-09-09,92.32,4251.4
,2014-09-10,92.91,4251.4
,2014-09-11,96.14,4251.4
,2014-09-12,97.95,4251.4
,2014-09-13,97.95,4251.4
,2014-09-14,97.95,4251.4
,2014-09-15,97.48,4251.4
,2014-09-16,94.74,4251.4
,2014-09-17,93.36,4251.4
,2014-09-18,95.9,4251.4
,2014-09-19,95.52,4251.4
,2014-09-20,95.52,4251.4
,2014-09-21,95.52,4251.4
,2014-09-22,96.76,4251.4
,2014-09-23,97,4251.4
,2014-09-24,97.48,4251.4
,2014-09-25,98.1,4251.4
,2014-09-26,100.68,4251.4
,2014-09-27,100.68,4251.4
,2014-09-28,100.68,4251.4
,2014-09-29,100.93,4251.4
,2014-09-30,100.59,4251.4
,2014-10-01,100.78,4251.4
,2014-10-02,101.53,4251.4
,2014-10-03,101.77,4251.4
,2014-10-04,102.76,4251.4
,2014-10-05,102.76,4251.4
,2014-10-06,100.43,4251.4
,2014-10-07,100.33,4251.4
,2014-10-08,98.65,4251.4
,2014-10-09,98.74,4251.4
,2014-10-10,99.3,4251.4
,2014-10-11,99.3,4251.4
,2014-10-12,99.3,4251.4
,2014-10-13,99.3,4251.4
,2014-10-14,97.75,4251.4
,2014-10-15,97.2,4251.4
,2014-10-16,97.09,4251.4
,2014-10-17,96.64,4251.4
,2014-10-18,98.43,4251.4
,2014-10-19,98.43,4251.4
,2014-10-20,98.93,4251.4
,2014-10-21,98.09,4251.4
,2014-10-22,100.52,4251.4
,2014-10-23,101.63,4251.4
,2014-10-24,102.26,4251.4
,2014-10-25,102.26,4251.4
,2014-10-26,102.26,4251.4
,2014-10-27,102.95,4251.4
,2014-10-28,102.27,4251.4
,2014-10-29,101.69,4251.4
,2014-10-30,102.03,4251.4
,2014-10-31,102.56,4251.4
,2014-11-01,102.56,4251.4
,2014-11-02,102.56,4251.4
,2014-11-03,102.56,4251.4
,2014-11-04,101.8,4251.4
,2014-11-05,102.04,4251.4
,2014-11-06,103.28,4251.4
,2014-11-07,104.12,4251.4
,2014-11-08,104.12,4251.4
,2014-11-09,104.12,4251.4
,2014-11-10,106.2,4251.4
,2014-11-11,107.27,4251.4
,2014-11-12,113.62,4251.4
,2014-11-13,116.43,4251.4
,2014-11-14,121.22,4251.4
,2014-11-15,121.22,4251.4
,2014-11-16,121.22,4251.4
,2014-11-17,121.22,4251.4
,2014-11-18,124.57,4251.4
,2014-11-19,124.46,4251.4
,2014-11-20,124.46,4251.4
,2014-11-21,123.6,4251.4
,2014-11-22,123.6,4251.4
,2014-11-23,123.6,4251.4
,2014-11-24,128.18,4251.4
,2014-11-25,128.41,4251.4
,2014-11-26,137.48,4251.4
,2014-11-27,143.82,4251.4
,2014-11-28,153.66,4251.4
,2014-11-29,153.66,4251.4
,2014-11-30,153.66,4251.4
,2014-12-01,159.02,4889.11
,2014-12-02,158.04,4889.11
,2014-12-03,158.94,4889.11
,2014-12-04,165.38,4889.11
,2014-12-05,174.03,4889.11
,2014-12-06,174.03,4889.11
,2014-12-07,174.03,4889.11
,2014-12-08,174.03,4889.11
,2014-12-09,178.77,4889.11
,2014-12-10,181.23,4889.11
,2014-12-11,180.43,4889.11
,2014-12-12,179.08,4889.11
,2014-12-13,179.08,4889.11
,2014-12-14,179.08,4889.11
,2014-12-15,183.7,4889.11
,2014-12-16,186.09,4889.11
,2014-12-17,182.23,4889.11
,2014-12-18,177.61,4889.11
,2014-12-19,175.99,4889.11
,2014-12-20,175.99,4889.11
,2014-12-21,175.99,4889.11
,2014-12-22,173.71,4889.11
,2014-12-23,173.17,4889.11
,2014-12-24,173.52,4889.11
,2014-12-25,173.52,4889.11
,2014-12-26,174.37,4889.11
,2014-12-27,174.37,4889.11
,2014-12-28,174.37,4889.11
,2014-12-29,172.21,4889.11
,2014-12-30,173.24,4889.11
,2014-12-31,173.24,4889.11
,2015-01-01,173.24,4889.11
,2015-01-02,176.2,4889.11
,2015-01-03,176.2,4889.11
,2015-01-04,176.2,4889.11
,2015-01-05,175.9,4889.11
,2015-01-06,175.1,4889.11
,2015-01-07,178.74,4889.11
,2015-01-08,187.04,4889.11
,2015-01-09,187.19,4889.11
,2015-01-10,187.19,4889.11
,2015-01-11,187.19,4889.11
,2015-01-12,187.19,4889.11
,2015-01-13,179.3,4889.11
,2015-01-14,179.02,4889.11
,2015-01-15,173.66,4889.11
,2015-01-16,175.03,4889.11
,2015-01-18,175.03,4889.11
,2015-01-19,175.03,4889.11
,2015-01-20,174.27,4889.11
,2015-01-21,177.07,4889.11
,2015-01-22,181.68,4889.11
,2015-01-23,184.19,4889.11
,2015-01-24,184.19,4889.11
,2015-01-25,184.19,4889.11
,2015-01-26,184.19,4889.11
,2015-01-27,185.19,4889.11
,2015-01-28,183.7,4889.11
,2015-01-29,186.44,4889.11
,2015-01-31,189.85,4889.11
,2015-02-01,189.85,5622.48
,2015-02-02,187.19,5622.48
,2015-02-03,186.04,5622.48
,2015-02-04,188.05,5622.48
,2015-02-05,188.2,5622.48
,2015-02-06,188.2,5622.48
,2015-02-07,188.2,5622.48
,2015-02-08,188.2,5622.48
,2015-02-09,187.14,5622.48
,2015-02-10,186.49,5622.48
,2015-02-11,190.75,5622.48
,2015-02-12,189.55,5622.48
,2015-02-13,187.59,5622.48
,2015-02-14,187.59,5622.48
,2015-02-15,187.59,5622.48
,2015-02-16,187.59,5622.48
,2015-02-17,189.33,5622.48
,2015-02-18,190.37,5622.48
,2015-02-19,190.15,5622.48
,2015-02-20,189.56,5622.48
,2015-02-21,189.56,5622.48
,2015-02-22,189.56,5622.48
,2015-02-23,195.07,5622.48
,2015-02-24,198.86,5622.48
,2015-02-25,202.56,5622.48
,2015-02-26,213.77,5622.48
,2015-02-27,222.12,5622.48
,2015-02-28,222.12,5622.48
,2015-03-01,222.12,5622.48
,2015-03-02,230.26,5622.48
,2015-03-03,237.35,5622.48
,2015-03-04,264.12,5622.48
,2015-03-05,281.05,5622.48
,2015-03-06,269.3,5622.48
,2015-03-07,240.45,5622.48
,2015-03-08,240.45,5622.48
,2015-03-09,243.04,5622.48
,2015-03-10,245.45,5622.48
,2015-03-11,276.5,5622.48
,2015-03-12,274,5622.48
,2015-03-13,249.46,5622.48
,2015-03-14,249.46,5622.48
,2015-03-15,249.46,5622.48
,2015-03-16,267.43,5622.48
,2015-03-17,267.71,5622.48
,2015-03-18,260.19,5622.48
,2015-03-19,256.45,5622.48
,2015-03-20,253.93,5622.48
,2015-03-21,253.93,5622.48
,2015-03-22,253.93,5622.48
,2015-03-23,253.93,5622.48
,2015-03-24,247.94,5622.48
,2015-03-25,246.48,5622.48
,2015-03-26,247.96,5622.48
,2015-03-27,248.52,5622.48
,2015-03-28,248.52,5622.48
,2015-03-29,248.52,5622.48
,2015-03-30,250.37,5622.48
,2015-03-31,252.59,5622.48
,2015-04-01,245.91,5622.48
,2015-04-02,245.91,5622.48
,2015-04-03,245.91,5622.48
,2015-04-04,245.91,5622.48
,2015-04-05,245.91,5622.48
,2015-04-06,245.19,5622.48
,2015-04-07,249.34,5622.48
,2015-04-08,251.44,5622.48
,2015-04-09,251.83,5622.48
,2015-04-10,258.92,5622.48
,2015-04-11,258.92,5622.48
,2015-04-12,258.92,5622.48
,2015-04-13,266.4,5622.48
,2015-04-14,276.08,5622.48
,2015-04-15,280.11,5622.48
,2015-04-16,275.58,5622.48
,2015-04-17,275.68,5622.48
,2015-04-18,275.68,5622.48
,2015-04-19,275.68,5622.48
,2015-04-20,274.84,5622.48
,2015-04-21,270,5622.48
,2015-04-22,272.08,5622.48
,2015-04-23,275.68,5622.48
,2015-04-24,277.85,5622.48
,2015-04-25,277.85,5622.48
,2015-04-26,277.85,5622.48
,2015-04-27,282.22,5622.48
,2015-04-28,285.57,5622.48
,2015-04-29,288.16,5622.48
,2015-04-30,279.22,5622.48
,2015-05-01,279.22,6746.98
,2015-05-02,279.22,6746.98
,2015-05-03,279.22,6746.98
,2015-05-04,287.27,6746.98
,2015-05-05,278.44,6746.98
,2015-05-06,275.56,6746.98
,2015-05-07,285.86,6746.98
,2015-05-08,288.14,6746.98
,2015-05-09,288.14,6746.98
,2015-05-10,288.14,6746.98
,2015-05-11,287.36,6746.98
,2015-05-12,288.05,6746.98
,2015-05-13,300.72,6746.98
,2015-05-14,305.85,6746.98
,2015-05-15,317.12,6746.98
,2015-05-16,317.12,6746.98
,2015-05-17,317.12,6746.98
,2015-05-18,317.12,6746.98
,2015-05-19,337.53,6746.98
,2015-05-20,350.4,6746.98
,2015-05-21,402,6746.98
,2015-05-22,423.39,6746.98
,2015-05-23,422.54,6746.98
,2015-05-24,422.54,6746.98
,2015-05-25,397.06,6746.98
,2015-05-26,343.12,6746.98
,2015-05-27,366.8,6746.98
,2015-05-28,423.54,6746.98
,2015-05-29,402.35,6746.98
,2015-05-30,402.35,6746.98
,2015-05-31,402.35,6746.98
,2015-06-01,410.9,6746.98
,2015-06-02,419.25,6746.98
,2015-06-03,422.24,6746.98
,2015-06-04,438,6746.98
,2015-06-05,424.41,6746.98
,2015-06-06,424.41,6746.98
,2015-06-07,424.41,6746.98
,2015-06-08,418.26,6746.98
,2015-06-09,415.59,6746.98
,2015-06-10,414.18,6746.98
,2015-06-11,416.72,6746.98
,2015-06-12,416.27,6746.98
,2015-06-13,416.27,6746.98
,2015-06-14,416.27,6746.98
,2015-06-15,416.27,6746.98
,2015-06-16,428.31,6746.98
,2015-06-17,431.54,6746.98
,2015-06-18,441.43,6746.98
,2015-06-19,459.51,6746.98
,2015-06-20,459.51,6746.98
,2015-06-21,459.51,6746.98
,2015-06-22,465.17,6746.98
,2015-06-23,467.5,6746.98
,2015-06-24,470.5,6746.98
,2015-06-25,476.44,6746.98
,2015-06-26,481.86,6746.98
,2015-06-27,481.86,6746.98
,2015-06-28,481.86,6746.98
,2015-06-29,481.86,6746.98
,2015-06-30,484.41,6746.98
,2015-07-01,489.66,7421.68
,2015-07-02,489.15,7421.68
,2015-07-03,501.21,7421.68
,2015-07-04,501.21,7421.68
,2015-07-05,501.21,7421.68
,2015-07-06,523.39,7421.68
,2015-07-07,547.96,7421.68
,2015-07-08,569.04,7421.68
,2015-07-09,611.88,7421.68
,2015-07-10,611.25,7421.68
,2015-07-11,611.25,7421.68
,2015-07-12,611.25,7421.68
,2015-07-13,630.21,7421.68
,2015-07-14,629.15,7421.68
,2015-07-15,621.67,7421.68
,2015-07-16,624.79,7421.68
,2015-07-17,630.62,7421.68
,2015-07-18,630.62,7421.68
,2015-07-19,630.62,7421.68
,2015-07-20,630.62,7421.68
,2015-07-21,633.54,7421.68
,2015-07-22,646.11,7421.68
,2015-07-23,650.11,7421.68
,2015-07-24,683.26,7421.68
,2015-07-25,683.26,7421.68
,2015-07-26,683.26,7421.68
,2015-07-27,682.39,7421.68
,2015-07-28,682.61,7421.68
,2015-07-29,682.61,7421.68
,2015-07-30,677.85,7421.68
,2015-08-01,676.99,7421.68
,2015-08-02,676.99,7421.68
,2015-08-03,686.67,7421.68
,2015-08-04,687.53,7421.68
,2015-08-05,696.77,7421.68
,2015-08-06,691.49,7421.68
,2015-08-07,691.49,7421.68
,2015-08-08,691.49,7421.68
,2015-08-09,691.49,7421.68
,2015-08-10,681.7,7421.68
,2015-08-11,688.94,7421.68
,2015-08-12,687.45,7421.68
,2015-08-13,686.74,7421.68
,2015-08-14,686.74,7421.68
,2015-08-15,686.74,7421.68
,2015-08-17,676.49,7421.68
,2015-08-18,681.03,7421.68
,2015-08-19,686.39,7421.68
,2015-08-20,676.88,7421.68
,2015-08-21,700.99,7421.68
,2015-08-22,703.51,7421.68
,2015-08-23,703.51,7421.68
,2015-08-24,727.63,7421.68
,2015-08-25,724.33,7421.68
,2015-08-26,726.94,7421.68
,2015-08-27,717.35,7421.68
,2015-08-28,696.12,7421.68
,2015-08-29,696.12,7421.68
,2015-08-30,696.12,7421.68
,2015-08-31,698.35,7421.68
,2015-09-01,698.54,7421.68
,2015-09-02,711.63,7421.68
,2015-09-03,706.73,7421.68
,2015-09-04,705.31,7421.68
,2015-09-05,705.31,7421.68
,2015-09-06,705.31,7421.68
,2015-09-07,705.31,7421.68
,2015-09-08,710.82,7421.68
,2015-09-09,703.29,7421.68
,2015-09-10,704.95,7421.68
,2015-09-11,706.5,7421.68
,2015-09-12,704.3,7421.68
,2015-09-13,704.3,7421.68
,2015-09-14,700.3,7421.68
,2015-09-15,708.6,7421.68
,2015-09-16,709.25,7421.68
,2015-09-17,710.56,7421.68
,2015-09-18,718.92,7421.68
,2015-09-19,718.27,7421.68
,2015-09-20,718.27,7421.68
,2015-09-21,730.65,7421.68
,2015-09-22,746.3,7421.68
,2015-09-23,754.57,7421.68
,2015-09-24,763.26,7421.68
,2015-09-25,784.09,7421.68
,2015-09-26,784.09,7421.68
,2015-09-27,784.09,7421.68
,2015-09-28,797.24,7421.68
,2015-09-29,822.59,7421.68
,2015-09-30,823.1,7421.68
,2015-10-01,826.27,7421.68
,2015-10-02,829.02,7421.68
,2015-10-03,829.02,7421.68
,2015-10-04,829.02,7421.68
,2015-10-05,792.14,7421.68
,2015-10-06,767.76,7421.68
,2015-10-07,735.91,7421.68
,2015-10-08,718.44,7421.68
,2015-10-09,718.65,7421.68
,2015-10-10,718.65,7421.68
,2015-10-11,718.65,7421.68
,2015-10-12,718.65,7421.68
,2015-10-13,720.1,7421.68
,2015-10-14,728.89,7421.68
,2015-10-15,723.78,7421.68
,2015-10-16,791.55,7421.68
,2015-10-17,791.55,7421.68
,2015-10-18,791.55,7421.68
,2015-10-19,780.56,7421.68
,2015-10-20,788.73,7421.68
,2015-10-21,808.7,7421.68
,2015-10-22,826.47,7421.68
,2015-10-23,820.6,7421.68
,2015-10-24,820.6,7421.68
,2015-10-25,820.6,7421.68
,2015-10-26,820.59,7421.68
,2015-10-27,820.59,7421.68
,2015-10-28,817.65,7421.68
,2015-10-29,794.29,7421.68
,2015-10-30,785.92,7421.68
,2015-10-31,785.92,7421.68
,2015-11-01,785.92,9648.18
,2015-11-02,785.92,9648.18
,2015-11-03,794.29,9648.18
,2015-11-04,805.8,9648.18
,2015-11-05,814.71,9648.18
,2015-11-06,826.87,9648.18
,2015-11-07,826.87,9648.18
,2015-11-08,826.87,9648.18
,2015-11-09,842.42,9648.18
,2015-11-10,845.45,9648.18
,2015-11-11,848.48,9648.18
,2015-11-12,848.48,9648.18
,2015-11-13,857.58,9648.18
,2015-11-14,857.58,9648.18
,2015-11-15,857.58,9648.18
,2015-11-16,857.58,9648.18
,2015-11-17,857.58,9648.18
,2015-11-19,873.85,9648.18
,2015-11-20,876.92,9648.18
,2015-11-21,876.92,9648.18
,2015-11-22,876.92,9648.18
,2015-11-23,873.85,9648.18
,2015-11-24,887.5,9648.18
,2015-11-25,887.5,9648.18
,2015-11-26,890.62,9648.18
,2015-11-27,890.62,9648.18
,2015-11-28,890.62,9648.18
,2015-11-29,890.62,9648.18
,2015-11-30,893.75,9648.18
,2015-12-01,911.11,9648.18
,2015-12-02,920.63,9648.18
,2015-12-03,920.63,9648.18
,2015-12-04,920.63,9648.18
,2015-12-05,920.63,9648.18
,2015-12-06,920.63,9648.18
,2015-12-07,906.25,9648.18
,2015-12-08,909.38,9648.18
,2015-12-09,886.36,9648.18
,2015-12-10,857.14,9648.18
,2015-12-11,857.14,9648.18
,2015-12-12,857.14,9648.18
,2015-12-13,857.14,9648.18
,2015-12-14,860,9648.18
,2015-12-15,878.26,9648.18
,2015-12-16,878.26,9648.18
,2015-12-17,865.71,9648.18
,2015-12-18,865.71,9648.18
,2015-12-19,865.71,9648.18
,2015-12-20,865.71,9648.18
,2015-12-21,841.67,9648.18
,2015-12-22,841.67,9648.18
,2015-12-23,841.67,9648.18
,2015-12-24,841.67,9648.18
,2015-12-25,841.67,9648.18
,2015-12-26,841.67,9648.18
,2015-12-27,841.67,9648.18
,2015-12-28,836.11,9648.18
,2015-12-29,833.33,9648.18
,2015-12-30,833.33,9648.18
,2015-12-31,833.33,9648.18
,2016-01-01,833.33,9648.18
,2016-01-02,833.33,9648.18
,2016-01-03,833.33,9648.18
,2016-01-04,845.07,9648.18
,2016-01-05,845.07,9648.18
,2016-01-06,838.89,9648.18
,2016-01-07,838.89,9648.18
,2016-01-08,838.89,9648.18
,2016-01-09,838.89,9648.18
,2016-01-10,838.89,9648.18
,2016-01-11,838.89,9648.18
,2016-01-12,859.15,9648.18
,2016-01-13,865.71,9648.18
,2016-01-14,865.71,9648.18
,2016-01-15,865.71,9648.18
,2016-01-16,865.71,9648.18
,2016-01-17,865.71,9648.18
,2016-01-18,878.26,9648.18
,2016-01-19,897.06,9648.18
,2016-01-20,913.43,9648.18
,2016-01-21,927.27,9648.18
,2016-01-22,941.54,9648.18
,2016-01-23,941.54,9648.18
,2016-01-24,941.54,9648.18
,2016-01-25,959.38,9648.18
,2016-01-26,965.62,9648.18
,2016-01-27,965.62,9648.18
,2016-01-28,968.75,9648.18
,2016-01-29,984.13,9648.18
,2016-01-30,984.13,9648.18
,2016-01-31,984.13,9648.18
,2016-02-01,984.13,9648.18
,2016-02-02,996.77,9648.18
,2016-02-03,1003.23,9648.18
,2016-02-04,1016.39,9648.18
,2016-02-05,1016.39,9648.18
,2016-02-06,1016.39,9648.18
,2016-02-07,1016.39,9648.18
,2016-02-08,1016.39,9648.18
,2016-02-09,1016.39,9648.18
,2016-02-10,1026.23,9648.18
,2016-02-11,1026.23,9648.18
,2016-02-12,1026.23,9648.18
,2016-02-13,1026.23,9648.18
,2016-02-14,1026.23,9648.18
,2016-02-15,1029.03,9648.18
,2016-02-16,1029.03,9648.18
,2016-02-17,1045.9,9648.18
,2016-02-18,1045.9,9648.18
,2016-02-19,1045.9,9648.18
,2016-02-20,1045.9,9648.18
,2016-02-21,1045.9,9648.18
,2016-02-22,1060,9648.18
,2016-02-23,1060,9648.18
,2016-02-24,1071.19,9648.18
,2016-02-25,1089.66,9648.18
,2016-02-26,1089.66,9648.18
,2016-02-27,1089.66,9648.18
,2016-02-28,1089.66,9648.18
,2016-02-29,1089.66,9648.18
,2016-03-01,1093.1,11577.82
,2016-03-02,1093.1,11577.82
,2016-03-03,1093.1,11577.82
,2016-03-04,1105.26,11577.82
,2016-03-05,1105.26,11577.82
,2016-03-06,1105.26,11577.82
,2016-03-07,1125,11577.82
,2016-03-08,1145.45,11577.82
,2016-03-09,1184.91,11577.82
,2016-03-10,1211.54,11577.82
,2016-03-11,1211.54,11577.82
,2016-03-12,1211.54,11577.82
,2016-03-13,1211.54,11577.82
,2016-03-14,1211.54,11577.82
,2016-03-15,1211.54,11577.82
,2016-03-16,1211.54,11577.82
,2016-03-17,1211.54,11577.82
,2016-03-18,1211.54,11577.82
,2016-03-19,1211.54,11577.82
,2016-03-20,1211.54,11577.82
,2016-03-21,1211.54,11577.82
,2016-03-22,1211.54,11577.82
,2016-03-23,1171.15,11577.82
,2016-03-24,1171.15,11577.82
,2016-03-25,1171.15,11577.82
,2016-03-26,1171.15,11577.82
,2016-03-27,1171.15,11577.82
,2016-03-28,1171.15,11577.82
,2016-03-29,1171.15,11577.82
,2016-03-30,1150,11577.82
,2016-03-31,1172.55,11577.82
,2016-04-01,1172.55,11577.82
,2016-04-02,1172.55,11577.82
,2016-04-03,1172.55,11577.82
,2016-04-04,1125.49,11577.82
,2016-04-05,1164.71,11577.82
,2016-04-06,1142.31,11577.82
,2016-04-07,1142.31,11577.82
,2016-04-08,1142.31,11577.82
,2016-04-09,1142.31,11577.82
,2016-04-10,1142.31,11577.82
,2016-04-11,1142.31,11577.82
,2016-04-12,1138.46,11577.82
,2016-04-13,1138.46,11577.82
,2016-04-14,1134.62,11577.82
,2016-04-15,1134.62,11577.82
,2016-04-16,1134.62,11577.82
,2016-04-17,1134.62,11577.82
,2016-04-18,1136.54,11577.82
,2016-04-19,1136.54,11577.82
,2016-04-20,1111.54,11577.82
,2016-04-21,1111.54,11577.82
,2016-04-22,1111.54,11577.82
,2016-04-23,1115.38,11577.82
,2016-04-24,1115.38,11577.82
,2016-04-25,1126.92,11577.82
,2016-04-26,1126.92,11577.82
,2016-04-27,1126.92,11577.82
,2016-04-28,1115.38,11577.82
,2016-04-29,1115.38,11577.82
,2016-04-30,1115.38,11577.82
,2016-05-01,1115.38,15051.17
,2016-05-02,1115.38,15051.17
,2016-05-03,1096.15,15051.17
,2016-05-04,1096.15,15051.17
,2016-05-05,1096.15,15051.17
,2016-05-06,1109.62,15051.17
,2016-05-07,1109.62,15051.17
,2016-05-08,1109.62,15051.17
,2016-05-09,1109.62,15051.17
,2016-05-10,1113.46,15051.17
,2016-05-11,1090.57,15051.17
,2016-05-12,1090.57,15051.17
,2016-05-13,1096.15,15051.17
,2016-05-14,1096.15,15051.17
,2016-05-15,1096.15,15051.17
,2016-05-16,1096.15,15051.17
,2016-05-17,1075.47,15051.17
,2016-05-18,1075.47,15051.17
,2016-05-19,1098.11,15051.17
,2016-05-20,1050.91,15051.17
,2016-05-21,1050.91,15051.17
,2016-05-22,1050.91,15051.17
,2016-05-23,1050.91,15051.17
,2016-05-24,1032.69,15051.17
,2016-05-25,1032.69,15051.17
,2016-05-26,1014.04,15051.17
,2016-05-27,999.87,15051.17
,2016-05-28,999.87,15051.17
,2016-05-29,999.87,15051.17
,2016-05-30,999.87,15051.17
,2016-05-31,1017.54,15051.17
,2016-06-01,996.55,15051.17
,2016-06-02,996.55,15051.17
,2016-06-03,996.55,15051.17
,2016-06-06,996.55,15051.17
,2016-06-07,998.28,15051.17
,2016-06-09,996.55,15051.17
,2016-06-11,1055.56,15051.17
,2016-06-14,1055.56,15051.17
,2016-06-15,1055.56,15051.17
,2016-06-16,1094.34,15051.17
,2016-06-17,1094.34,15051.17
,2016-06-18,1094.34,15051.17
,2016-06-19,1094.34,15051.17
,2016-06-20,1094.34,15051.17
,2016-06-21,1079.63,15051.17
,2016-06-22,1079.63,15051.17
,2016-06-23,1065.45,15051.17
,2016-06-24,1043.64,15051.17
,2016-06-25,1043.64,15051.17
,2016-06-26,1043.64,15051.17
,2016-06-27,1047.27,15051.17
,2016-06-28,1047.27,15051.17
,2016-06-30,1043.64,15051.17
,2016-07-01,1040,15051.17
,2016-07-02,1040,15051.17
,2016-07-03,1040,15051.17
,2016-07-04,1037.78,15051.17
,2016-07-05,1035.37,15051.17
,2016-07-06,1036.87,15051.17
,2016-07-07,1033.56,15051.17
,2016-07-08,1030.85,15051.17
,2016-07-09,1030.85,15051.17
,2016-07-10,1030.85,15051.17
,2016-07-11,1021.57,15051.17
,2016-07-12,1016.74,15051.17
,2016-07-13,1015.03,15051.17
,2016-07-14,1014.35,15051.17
,2016-07-15,1010.65,15051.17
,2016-07-16,1010.65,15051.17
,2016-07-17,1010.65,15051.17
,2016-07-18,1007.24,15051.17
,2016-07-19,1009.67,15051.17
,2016-07-20,1005.87,15051.17
,2016-07-21,1006.34,15051.17
,2016-07-22,1007.63,15051.17
,2016-07-23,1007.63,15051.17
,2016-07-24,1007.63,15051.17
,2016-07-25,1010.82,15051.17
,2016-07-26,1010.82,15051.17
,2016-07-27,1010.82,15051.17
,2016-07-28,1008.32,15051.17
,2016-07-29,1005.74,15051.17
,2016-07-30,1005.74,15051.17
,2016-07-31,1005.74,15051.17
,2016-08-01,1003.63,15051.17
,2016-08-02,1001.85,15051.17
,2016-08-03,999.65,15051.17
,2016-08-04,1003.26,15051.17
,2016-08-05,1003.26,15051.17
,2016-08-06,1003.26,15051.17
,2016-08-07,1003.26,15051.17
,2016-08-08,1006.35,15051.17
,2016-08-09,1008.52,15051.17
,2016-08-10,1008.52,15051.17
,2016-08-11,1009.36,15051.17
,2016-08-12,1011.95,15051.17
,2016-08-13,1011.95,15051.17
,2016-08-14,1011.95,15051.17
,2016-08-15,1011.95,15051.17
,2016-08-16,1007.63,15051.17
,2016-08-17,1009.14,15051.17
,2016-08-18,1010.88,15051.17
,2016-08-19,1008.39,15051.17
,2016-08-20,1008.39,15051.17
,2016-08-21,1008.39,15051.17
,2016-08-22,1011.87,15051.17
,2016-08-23,1015.49,15051.17
,2016-08-24,1018.73,15051.17
,2016-08-25,1016.39,15051.17
,2016-08-26,1021.87,15051.17
,2016-08-27,1021.87,15051.17
,2016-08-28,1021.87,15051.17
,2016-08-29,1020.61,15051.17
,2016-08-30,1025.96,15051.17
,2016-08-31,1028.85,15051.17
,2016-09-01,1022.98,22576.73
,2016-09-02,1020.84,22576.73
,2016-09-03,1020.84,22576.73
,2016-09-04,1020.84,22576.73
,2016-09-05,1018.78,22576.73
,2016-09-06,1021.74,22576.73
,2016-09-07,1024.93,22576.73
,2016-09-08,1022.84,22576.73
,2016-09-09,1025.39,22576.73
,2016-09-10,1025.39,22576.73
,2016-09-11,1025.39,22576.73
,2016-09-12,1024.89,22576.73
,2016-09-13,1022.87,22576.73
,2016-09-14,1025.63,22576.73
,2016-09-15,1024.84,22576.73
,2016-09-16,1026.13,22576.73
,2016-09-17,1026.13,22576.73
,2016-09-18,1026.13,22576.73
,2016-09-19,1012.63,22576.73
,2016-09-20,1010.29,22576.73
,2016-09-21,1008.16,22576.73
,2016-09-22,1010.21,22576.73
,2016-09-23,1017.34,22576.73
,2016-09-24,1017.34,22576.73
,2016-09-25,1017.34,22576.73
,2016-09-26,1035.72,22576.73
,2016-09-27,1052.76,22576.73
,2016-09-28,1061.79,22576.73
,2016-09-29,1070.85,22576.73
,2016-09-30,1078.34,22576.73
,2016-10-01,1078.34,22576.73
,2016-10-02,1078.34,22576.73
,2016-10-03,1084.63,22576.73
,2016-10-04,1084.63,22576.73
,2016-10-05,1082.78,22576.73
,2016-10-06,1087.62,22576.73
,2016-10-07,1092.73,22576.73
,2016-10-08,1092.73,22576.73
,2016-10-09,1092.73,22576.73
,2016-10-10,1103.76,22576.73
,2016-10-11,1118.69,22576.73
,2016-10-12,1134.93,22576.73
,2016-10-13,1146.28,22576.73
,2016-10-14,1167.49,22576.73
,2016-10-15,1167.49,22576.73
,2016-10-16,1167.49,22576.73
,2016-10-17,1178.51,22576.73
,2016-10-18,1189.34,22576.73
,2016-10-19,1197.78,22576.73
,2016-10-20,1204.78,22576.73
,2016-10-21,1209.81,22576.73
,2016-10-22,1209.81,22576.73
,2016-10-23,1209.81,22576.73
,2016-10-24,1221.87,22576.73
,2016-10-25,1262.31,22576.73
,2016-10-26,1327.08,22576.73
,2016-10-27,1385.52,22576.73
,2016-10-28,1417.23,22576.73
,2016-10-29,1417.23,22576.73
,2016-10-30,1417.23,22576.73
,2016-10-31,1501.17,22576.73
,2016-11-01,1567.35,27092.1
,2016-11-02,1604.82,27092.1
,2016-11-03,1682.12,27092.1
,2016-11-04,1758.23,27092.1
,2016-11-05,1758.23,27092.1
,2016-11-06,1758.23,27092.1
,2016-11-07,1756.91,27092.1
,2016-11-08,1821.61,27092.1
,2016-11-09,1844.02,27092.1
,2016-11-10,1883.25,27092.1
,2016-11-11,1905.98,27092.1
,2016-11-12,1905.98,27092.1
,2016-11-13,1905.98,27092.1
,2016-11-14,1905.98,27092.1
,2016-11-15,1911.02,27092.1
,2016-11-16,1922.87,27092.1
,2016-11-17,1952.11,27092.1
,2016-11-18,1967.69,27092.1
,2016-11-19,1967.69,27092.1
,2016-11-20,1967.69,27092.1
,2016-11-21,2192.65,27092.1
,2016-11-22,2301.72,27092.1
,2016-11-23,2474.23,27092.1
,2016-11-24,2752.89,27092.1
,2016-11-25,2971.62,27092.1
,2016-11-26,2971.62,27092.1
,2016-11-27,2971.62,27092.1
,2016-11-28,3687.51,27092.1
,2016-11-29,3986.48,27092.1
,2016-11-30,4538.46,27092.1
,2016-12-01,4587.73,27092.1
,2016-12-02,4402.55,27092.1
,2016-12-03,4402.55,27092.1
,2016-12-04,4402.55,27092.1
,2016-12-05,4138.89,27092.1
,2016-12-06,4242.86,27092.1
,2016-12-07,4261.35,27092.1
,2016-12-08,4265.62,27092.1
,2016-12-09,4254.11,27092.1
,2016-12-10,4254.11,27092.1
,2016-12-11,4254.11,27092.1
,2016-12-12,3980.51,27092.1
,2016-12-13,3570.74,27092.1
,2016-12-14,3105.11,27092.1
,2016-12-15,2480.52,27092.1
,2016-12-16,2504.11,27092.1
,2016-12-17,2507.09,27092.1
,2016-12-18,2507.09,27092.1
,2016-12-19,2650.75,27092.1
,2016-12-20,2718.37,27092.1
,2016-12-21,2751.22,27092.1
,2016-12-22,2755.72,27092.1
,2016-12-23,2802.47,27092.1
,2016-12-24,2802.47,27092.1
,2016-12-25,2802.47,27092.1
,2016-12-26,2851.07,27092.1
,2016-12-27,2923.54,27092.1
,2016-12-28,2875.43,27092.1
,2016-12-29,3107.73,27092.1
,2016-12-30,3164.72,27092.1
,2016-12-31,3164.72,27092.1
,2017-01-01,3164.72,40638.15
,2017-01-02,3207.54,40638.15
,2017-01-03,3209.78,40638.15
,2017-01-04,3190.75,40638.15
,2017-01-05,3250.22,40638.15
,2017-01-06,3348.36,40638.15
,2017-01-07,3348.36,40638.15
,2017-01-08,3348.36,40638.15
,2017-01-09,3355.23,40638.15
,2017-01-10,3351.73,40638.15
,2017-01-11,3353.11,40638.15
,2017-01-12,3401.44,40638.15
,2017-01-13,3510.54,40638.15
,2017-01-14,3510.54,40638.15
,2017-01-15,3510.54,40638.15
,2017-01-16,3607.05,40638.15
,2017-01-17,3723.41,40638.15
,2017-01-18,3755.22,40638.15
,2017-01-19,3751.62,40638.15
,2017-01-20,3753.01,40638.15
,2017-01-21,3753.01,40638.15
,2017-01-22,3753.01,40638.15
,2017-01-23,3751.11,40638.15
,2017-01-24,3680.51,40638.15
,2017-01-25,3684.31,40638.15
,2017-01-26,3652.07,40638.15
,2017-01-27,3650.02,40638.15
,2017-01-28,3650.02,40638.15
,2017-01-29,3650.02,40638.15
,2017-01-30,3541.36,40638.15
,2017-01-31,3545.01,40638.15
,2017-02-01,3551.62,40638.15
,2017-02-02,3322.55,40638.15
,2017-02-03,3323.02,40638.15
,2017-02-04,3323.02,40638.15
,2017-02-05,3323.02,40638.15
,2017-02-06,3376.4,40638.15
,2017-02-07,3451.62,40638.15
,2017-02-08,3581.77,40638.15
,2017-02-09,3640.29,40638.15
,2017-02-10,3720.12,40638.15
,2017-02-11,3720.12,40638.15
,2017-02-12,3720.12,40638.15
,2017-02-13,3820.83,40638.15
,2017-02-14,3910.74,40638.15
,2017-02-15,4105.15,40638.15
,2017-02-16,4190.89,40638.15
,2017-02-17,4229.94,40638.15
,2017-02-18,4229.94,40638.15
,2017-02-19,4229.94,40638.15
,2017-02-20,4276.64,40638.15
,2017-02-21,4285.18,40638.15
,2017-02-22,4325.1,40638.15
,2017-02-23,4327.82,40638.15
,2017-02-24,4329.11,40638.15
,2017-02-25,4329.11,40638.15
,2017-02-26,4329.11,40638.15
,2017-02-27,4329.11,40638.15
,2017-02-28,4329.11,40638.15
,2017-03-01,4334.41,40638.15
,2017-03-02,4339.77,40638.15
,2017-03-03,4158.77,40638.15
,2017-03-04,4158.77,40638.15
,2017-03-05,4158.77,40638.15
,2017-03-06,3962.86,40638.15
,2017-03-07,3879.78,40638.15
,2017-03-08,3690.28,40638.15
,2017-03-09,3430.87,40638.15
,2017-03-10,3209.13,40638.15
,2017-03-11,3209.13,40638.15
,2017-03-12,3209.13,40638.15
,2017-03-13,2930.74,40638.15
,2017-03-14,2804.61,40638.15
,2017-03-15,2770.84,40638.15
,2017-03-16,2777.69,40638.15
,2017-03-17,2772.62,40638.15
,2017-03-18,2772.62,40638.15
,2017-03-19,2772.62,40638.15
,2017-03-20,2807.54,40638.15
,2017-03-21,2803.11,40638.15
,2017-03-22,2905.76,40638.15
,2017-03-23,3014.02,40638.15
,2017-03-24,3009.81,40638.15
,2017-03-25,3009.81,40638.15
,2017-03-26,3009.81,40638.15
,2017-03-27,3063.18,40638.15
,2017-03-28,3098.32,40638.15
,2017-03-29,3203.62,40638.15
,2017-03-30,3451.74,40638.15
,2017-03-31,3790.81,40638.15
,2017-04-01,3790.81,40638.15
,2017-04-02,3790.81,40638.15
,2017-04-03,3709.63,40638.15
,2017-04-04,4097.56,40638.15
,2017-04-05,4201.62,40638.15
,2017-04-06,4304.73,40638.15
,2017-04-07,4407.51,40638.15
,2017-04-08,4407.51,40638.15
,2017-04-09,4407.51,40638.15
,2017-04-10,4411.22,40638.15
,2017-04-11,4411.82,40638.15
,2017-04-12,4412.01,40638.15
,2017-04-13,4412.01,40638.15
,2017-04-14,4412.01,40638.15
,2017-04-15,4412.01,40638.15
,2017-04-16,4412.01,40638.15
,2017-04-17,4412.85,40638.15
,2017-04-18,4507.63,40638.15
,2017-04-19,4601.57,40638.15
,2017-04-20,4708.77,40638.15
,2017-04-21,4711.73,40638.15
,2017-04-22,4711.73,40638.15
,2017-04-23,4711.73,40638.15
,2017-04-24,4908.73,40638.15
,2017-04-25,4871.62,40638.15
,2017-04-26,4512.33,40638.15
,2017-04-27,4280.72,40638.15
,2017-04-28,4283.17,40638.15
,2017-04-29,4283.17,40638.15
,2017-04-30,4283.17,40638.15
,2017-05-01,4283.17,65021.04
,2017-05-02,4608.75,65021.04
,2017-05-03,4907.63,65021.04
,2017-05-04,4989.07,65021.04
,2017-05-05,5105.71,65021.04
,2017-05-06,5105.71,65021.04
,2017-05-07,5105.71,65021.04
,2017-05-08,5113.87,65021.04
,2017-05-09,5117.11,65021.04
,2017-05-10,5118.09,65021.04
,2017-05-11,5201.87,65021.04
,2017-05-12,5383.11,65021.04
,2017-05-13,5383.11,65021.04
,2017-05-14,5383.11,65021.04
,2017-05-15,5411.73,65021.04
,2017-05-16,5507.83,65021.04
,2017-05-17,5711.53,65021.04
,2017-05-18,5801.55,65021.04
,2017-05-19,5807.58,65021.04
,2017-05-20,5807.58,65021.04
,2017-05-21,5807.58,65021.04
,2017-05-22,5851.63,65021.04
,2017-05-23,5890.73,65021.04
,2017-05-24,5907.87,65021.04
,2017-05-25,5980.75,65021.04
,2017-05-26,6079.87,65021.04
,2017-05-27,6079.87,65021.04
,2017-05-28,6079.87,65021.04
,2017-05-29,6079.87,65021.04
,2017-05-30,6081.67,65021.04
,2017-05-31,6108.97,65021.04
,2017-06-01,6112.88,65021.04
,2017-06-02,6205.98,65021.04
,2017-06-03,6205.98,65021.04
,2017-06-04,6205.98,65021.04
,2017-06-05,6308.62,65021.04
,2017-06-06,6480.63,65021.04
,2017-06-07,6540.93,65021.04
,2017-06-08,6780.93,65021.04
,2017-06-09,7107.86,65021.04
,2017-06-10,7107.86,65021.04
,2017-06-11,7107.86,65021.04
,2017-06-12,7297.07,65021.04
,2017-06-13,7480.97,65021.04
,2017-06-14,7711.14,65021.04
,2017-06-15,8104.71,65021.04
,2017-06-16,8287.53,65021.04
,2017-06-17,8287.53,65021.04
,2017-06-18,8287.53,65021.04
,2017-06-19,8291.47,65021.04
,2017-06-20,8292.84,65021.04
,2017-06-21,8293.89,65021.04
,2017-06-22,8301.71,65021.04
,2017-06-23,8301.71,65021.04
,2017-06-24,8301.71,65021.04
,2017-06-25,8301.71,65021.04
,2017-06-26,8284.17,65021.04
,2017-06-27,7980.67,65021.04
,2017-06-28,7984.07,65021.04
,2017-06-29,7873.05,65021.04
,2017-06-30,7780.95,65021.04
,2017-07-01,7780.95,97531.56
,2017-07-02,7780.95,97531.56
,2017-07-03,7780.95,97531.56
,2017-07-04,7690.63,97531.56
,2017-07-05,7678.93,97531.56
,2017-07-06,7674.09,97531.56
,2017-07-07,7672.81,97531.56
,2017-07-08,7672.81,97531.56
,2017-07-09,7672.81,97531.56
,2017-07-10,7671.97,97531.56
,2017-07-11,7960.55,97531.56
,2017-07-12,8109.99,97531.56
,2017-07-13,8460.87,97531.56
,2017-07-14,8493.97,97531.56
,2017-07-15,8493.97,97531.56
,2017-07-16,8493.97,97531.56
,2017-07-17,8481.07,97531.56
,2017-07-18,8470.74,97531.56
,2017-07-19,8469.87,97531.56
,2017-07-20,8469.87,97531.56
,2017-07-21,8790.84,97531.56
,2017-07-22,8790.84,97531.56
,2017-07-23,8790.84,97531.56
,2017-07-24,8820.52,97531.56
,2017-07-25,8917.51,97531.56
,2017-07-26,9390.95,97531.56
,2017-07-27,9787.79,97531.56
,2017-07-28,10389.79,97531.56
,2017-07-29,10389.79,97531.56
,2017-07-30,10389.79,97531.56
,2017-07-31,11185.95,97531.56
,2017-08-01,12197.74,97531.56
,2017-08-02,14760.89,97531.56
,2017-08-03,17980.95,97531.56
,2017-08-04,18982.93,97531.56
,2017-08-05,18982.93,97531.56
,2017-08-06,18982.93,97531.56
,2017-08-07,16480.17,97531.56
,2017-08-08,13077.01,97531.56
,2017-08-09,10387.55,97531.56
,2017-08-10,10987.97,97531.56
,2017-08-11,12163.68,97531.56
,2017-08-12,12163.68,97531.56
,2017-08-13,12163.68,97531.56
,2017-08-14,12894.75,97531.56
,2017-08-15,14158.47,97531.56
,2017-08-16,15445.07,97531.56
,2017-08-17,15501.81,97531.56
,2017-08-18,16256.74,97531.56
,2017-08-19,16256.74,97531.56
,2017-08-20,16256.74,97531.56
,2017-08-21,16280.05,97531.56
,2017-08-22,16840.75,97531.56
,2017-08-23,16845.07,97531.56
,2017-08-24,16850.47,97531.56
,2017-08-25,16857.52,97531.56
,2017-08-26,16857.52,97531.56
,2017-08-27,16857.52,97531.56
,2017-08-28,16891.95,97531.56
,2017-08-29,17562.56,97531.56
,2017-08-30,17662.73,97531.56
,2017-08-31,17730.85,97531.56
,2017-09-01,18470.97,97531.56
,2017-09-02,18470.97,97531.56
,2017-09-03,18470.45,97531.56
,2017-09-04,19105.45,97531.56